{"ambientocclusion": false, "textures": {"particle": "block/particle", "stage_4_top": "block/pitcher_crop_top_stage_4", "pitcher_top": "block/pitcher_crop_top", "pitcher_side": "block/pitcher_crop_side"}, "elements": [{"name": "pitcher_crop_top_stage_4", "from": [8, 0, 0], "to": [8, 16, 16], "shade": false, "rotation": {"angle": 45, "axis": "y", "origin": [8, 0, 8]}, "faces": {"east": {"uv": [0, 0, 16, 16], "texture": "#stage_4_top"}, "west": {"uv": [0, 0, 16, 16], "texture": "#stage_4_top"}}}, {"name": "pitcher_crop_top_stage_4", "from": [0, 0, 8], "to": [16, 16, 8], "shade": false, "rotation": {"angle": 45, "axis": "y", "origin": [8, 0, 8]}, "faces": {"north": {"uv": [0, 0, 16, 16], "texture": "#stage_4_top"}, "south": {"uv": [0, 0, 16, 16], "texture": "#stage_4_top"}}}]}