{"ambientocclusion": false, "textures": {"particle": "block/particle", "slab": "block/smooth_stone", "top": "block/repeater", "lock": "block/bedrock", "unlit": "block/redstone_torch_off"}, "elements": [{"from": [0, 0, 0], "to": [16, 2, 16], "faces": {"down": {"uv": [0, 0, 16, 16], "texture": "#slab", "cullface": "down"}, "up": {"uv": [0, 0, 16, 16], "texture": "#top"}, "north": {"uv": [0, 14, 16, 16], "texture": "#slab", "cullface": "north"}, "south": {"uv": [0, 14, 16, 16], "texture": "#slab", "cullface": "south"}, "west": {"uv": [0, 14, 16, 16], "texture": "#slab", "cullface": "west"}, "east": {"uv": [0, 14, 16, 16], "texture": "#slab", "cullface": "east"}}}, {"from": [2, 2, 10], "to": [14, 4, 12], "faces": {"up": {"uv": [7, 2, 9, 14], "texture": "#lock", "rotation": 90}, "north": {"uv": [2, 7, 14, 9], "texture": "#lock"}, "south": {"uv": [2, 7, 14, 9], "texture": "#lock"}, "west": {"uv": [6, 7, 8, 9], "texture": "#lock"}, "east": {"uv": [6, 7, 8, 9], "texture": "#lock"}}}, {"from": [7, 2, 2], "to": [9, 7, 4], "faces": {"up": {"uv": [7, 6, 9, 8], "texture": "#unlit"}, "north": {"uv": [7, 6, 9, 11], "texture": "#unlit"}, "south": {"uv": [7, 6, 9, 11], "texture": "#unlit"}, "west": {"uv": [7, 6, 9, 11], "texture": "#unlit"}, "east": {"uv": [7, 6, 9, 11], "texture": "#unlit"}}}]}