{"ambientocclusion": false, "textures": {"particle": "block/particle"}, "elements": [{"from": [0, -1, 8], "to": [16, 5, 8], "rotation": {"origin": [8, 8, 8], "axis": "y", "angle": 45, "rescale": true}, "faces": {"north": {"uv": [0, 0, 16, 6], "texture": "#stem", "tintindex": 0}, "south": {"uv": [16, 0, 0, 6], "texture": "#stem", "tintindex": 0}}}, {"from": [8, -1, 0], "to": [8, 5, 16], "rotation": {"origin": [8, 8, 8], "axis": "y", "angle": 45, "rescale": true}, "faces": {"west": {"uv": [0, 0, 16, 6], "texture": "#stem", "tintindex": 0}, "east": {"uv": [16, 0, 0, 6], "texture": "#stem", "tintindex": 0}}}]}