{"ambientocclusion": false, "textures": {"particle": "block/particle", "texture": "block/tripwire"}, "elements": [{"from": [7.75, 1.5, 0], "to": [8.25, 1.5, 4], "shade": false, "faces": {"down": {"uv": [16, 2, 0, 4], "texture": "#texture", "rotation": 90}, "up": {"uv": [0, 2, 16, 4], "texture": "#texture", "rotation": 90}}}, {"from": [7.75, 1.5, 4], "to": [8.25, 1.5, 8], "shade": false, "faces": {"down": {"uv": [16, 2, 0, 4], "texture": "#texture", "rotation": 90}, "up": {"uv": [0, 2, 16, 4], "texture": "#texture", "rotation": 90}}}, {"from": [7.75, 1.5, 8], "to": [8.25, 1.5, 12], "shade": false, "faces": {"down": {"uv": [16, 2, 0, 4], "texture": "#texture", "rotation": 90}, "up": {"uv": [0, 2, 16, 4], "texture": "#texture", "rotation": 90}}}]}