{
	"credit": "Made with Blockbench",
	"ambientocclusion": false,
	"textures": {
		"0": "block/yellow_overlay",
		"1": "block/yellow",
		"2": "block/gold_ore_block_side2",
		"3": "block/gold_block_bottom",
		"particle": "block/yellow_overlay"
	},
	"elements": [
		{
			"from": [0, 0, 0],
			"to": [16, 9.675, 16],
			"faces": {
				"north": {"uv": [0.04688, 6.28125, 16, 16], "texture": "#2", "cullface": "north"},
				"east": {"uv": [0, 6.29688, 16, 16], "texture": "#2", "cullface": "east"},
				"south": {"uv": [0.04688, 6.29688, 16, 16], "texture": "#2", "cullface": "south"},
				"west": {"uv": [0, 6.32813, 16, 16], "texture": "#2", "cullface": "west"},
				"up": {"uv": [0.04688, 0.04688, 16, 16], "rotation": 90, "texture": "#1", "cullface": "up"}
			}
		},
		{
			"from": [8, 9.65, 8],
			"to": [16, 16, 16],
			"faces": {
				"north": {"uv": [0, 0, 16, 6.375], "texture": "#2"},
				"east": {"uv": [0, 0, 16, 6.32813], "texture": "#2", "cullface": "east"},
				"south": {"uv": [0, 0, 16, 6.375], "texture": "#2", "cullface": "south"},
				"west": {"uv": [0, 0, 16, 6.375], "texture": "#2"},
				"up": {"uv": [8.04688, 8.04688, 16, 16], "texture": "#1", "cullface": "up"}
			}
		},
		{
			"name": "px",
			"from": [9.4, 16.05, 11.55],
			"to": [14.475, 17.425, 11.75],
			"rotation": {"angle": 0, "axis": "y", "origin": [20.175, 11.05, 17.8]},
			"faces": {
				"north": {"uv": [9.79688, 11.5, 14.17188, 13.5], "texture": "#1", "cullface": "up"},
				"east": {"uv": [7, 10.90625, 7.2, 12.90625], "texture": "#1", "cullface": "up"},
				"west": {"uv": [12.25, 12.84375, 12.53125, 12.84375], "texture": "#1", "cullface": "up"},
				"up": {"uv": [6.62187, 11.79688, 1.54688, 11.59688], "rotation": 180, "texture": "#0", "cullface": "up"}
			}
		},
		{
			"name": "px",
			"from": [9.425, 16.05, 11.425],
			"to": [14.45, 17.425, 11.55],
			"rotation": {"angle": 0, "axis": "y", "origin": [20.175, 11.05, 17.6]},
			"faces": {
				"north": {"uv": [9.79688, 11.5, 14.17188, 13.5], "texture": "#1", "cullface": "up"},
				"east": {"uv": [7, 10.90625, 7.125, 12.90625], "texture": "#1", "cullface": "up"},
				"west": {"uv": [12.25, 12.84375, 12.53125, 12.84375], "texture": "#1", "cullface": "up"},
				"up": {"uv": [6.59688, 11.59688, 1.57188, 11.47188], "rotation": 180, "texture": "#0", "cullface": "up"}
			}
		},
		{
			"name": "px",
			"from": [9.475, 16.05, 11.225],
			"to": [14.4, 17.425, 11.325],
			"rotation": {"angle": 0, "axis": "y", "origin": [20.175, 11.05, 17.375]},
			"faces": {
				"north": {"uv": [9.79688, 11.5, 14.17188, 13.5], "texture": "#1", "cullface": "up"},
				"east": {"uv": [7, 10.90625, 7.1, 12.90625], "texture": "#1", "cullface": "up"},
				"west": {"uv": [12.25, 12.84375, 12.53125, 12.84375], "texture": "#1", "cullface": "up"},
				"up": {"uv": [6.54688, 11.37188, 1.62187, 11.27188], "rotation": 180, "texture": "#0", "cullface": "up"}
			}
		},
		{
			"name": "px",
			"from": [9.45, 16.05, 11.325],
			"to": [14.425, 17.425, 11.425],
			"rotation": {"angle": 0, "axis": "y", "origin": [20.175, 11.05, 17.475]},
			"faces": {
				"north": {"uv": [9.79688, 11.5, 14.17188, 13.5], "texture": "#1", "cullface": "up"},
				"east": {"uv": [7, 10.90625, 7.1, 12.90625], "texture": "#1", "cullface": "up"},
				"west": {"uv": [12.25, 12.84375, 12.53125, 12.84375], "texture": "#1", "cullface": "up"},
				"up": {"uv": [6.57188, 11.47188, 1.59688, 11.37188], "rotation": 180, "texture": "#0", "cullface": "up"}
			}
		},
		{
			"name": "px",
			"from": [9.5, 16.05, 11.125],
			"to": [14.375, 17.425, 11.225],
			"rotation": {"angle": 0, "axis": "y", "origin": [20.175, 11.05, 17.275]},
			"faces": {
				"north": {"uv": [9.79688, 11.5, 14.17188, 13.5], "texture": "#1", "cullface": "up"},
				"east": {"uv": [7, 10.90625, 7.1, 12.90625], "texture": "#1", "cullface": "up"},
				"west": {"uv": [12.25, 12.84375, 12.53125, 12.84375], "texture": "#1", "cullface": "up"},
				"up": {"uv": [6.52188, 11.27188, 1.64687, 11.17188], "rotation": 180, "texture": "#0", "cullface": "up"}
			}
		},
		{
			"name": "px",
			"from": [9.55, 16.05, 10.925],
			"to": [14.3, 17.425, 11.025],
			"rotation": {"angle": 0, "axis": "y", "origin": [20.175, 11.05, 17.075]},
			"faces": {
				"north": {"uv": [9.79688, 11.5, 14.17188, 13.5], "texture": "#1", "cullface": "up"},
				"east": {"uv": [7, 10.90625, 7.1, 12.90625], "texture": "#1", "cullface": "up"},
				"west": {"uv": [12.25, 12.84375, 12.53125, 12.84375], "texture": "#1", "cullface": "up"},
				"up": {"uv": [6.44688, 11.07188, 1.69688, 10.97188], "rotation": 180, "texture": "#0", "cullface": "up"}
			}
		},
		{
			"name": "px",
			"from": [9.525, 16.05, 11.025],
			"to": [14.325, 17.425, 11.125],
			"rotation": {"angle": 0, "axis": "y", "origin": [20.175, 11.05, 17.175]},
			"faces": {
				"north": {"uv": [9.79688, 11.5, 14.17188, 13.5], "texture": "#1", "cullface": "up"},
				"east": {"uv": [7, 10.90625, 7.1, 12.90625], "texture": "#1", "cullface": "up"},
				"west": {"uv": [12.25, 12.84375, 12.53125, 12.84375], "texture": "#1", "cullface": "up"},
				"up": {"uv": [6.47188, 11.17188, 1.67188, 11.07188], "rotation": 180, "texture": "#0", "cullface": "up"}
			}
		},
		{
			"name": "px",
			"from": [9.6, 16.05, 10.825],
			"to": [14.275, 17.425, 10.925],
			"rotation": {"angle": 0, "axis": "y", "origin": [20.175, 11.05, 16.975]},
			"faces": {
				"north": {"uv": [9.79688, 11.5, 14.17188, 13.5], "texture": "#1", "cullface": "up"},
				"east": {"uv": [7, 10.90625, 7.1, 12.90625], "texture": "#1", "cullface": "up"},
				"west": {"uv": [12.25, 12.84375, 12.53125, 12.84375], "texture": "#1", "cullface": "up"},
				"up": {"uv": [6.42188, 10.97188, 1.74687, 10.87188], "rotation": 180, "texture": "#0", "cullface": "up"}
			}
		},
		{
			"name": "px",
			"from": [9.65, 16.05, 10.725],
			"to": [14.225, 17.425, 10.825],
			"rotation": {"angle": 0, "axis": "y", "origin": [20.175, 11.05, 16.875]},
			"faces": {
				"north": {"uv": [9.79688, 11.5, 14.17188, 13.5], "texture": "#1", "cullface": "up"},
				"east": {"uv": [7, 10.90625, 7.1, 12.90625], "texture": "#1", "cullface": "up"},
				"west": {"uv": [12.25, 12.84375, 12.53125, 12.84375], "texture": "#1", "cullface": "up"},
				"up": {"uv": [6.37187, 10.87188, 1.79688, 10.77188], "rotation": 180, "texture": "#0", "cullface": "up"}
			}
		},
		{
			"name": "px",
			"from": [9.7, 16.05, 10.625],
			"to": [14.175, 17.425, 10.725],
			"rotation": {"angle": 0, "axis": "y", "origin": [20.175, 11.05, 16.775]},
			"faces": {
				"north": {"uv": [9.79688, 11.5, 14.17188, 13.5], "texture": "#1", "cullface": "up"},
				"east": {"uv": [7, 10.90625, 7.1, 12.90625], "texture": "#1", "cullface": "up"},
				"west": {"uv": [12.25, 12.84375, 12.53125, 12.84375], "texture": "#1", "cullface": "up"},
				"up": {"uv": [6.32188, 10.77188, 1.84688, 10.67188], "rotation": 180, "texture": "#0", "cullface": "up"}
			}
		},
		{
			"name": "px",
			"from": [9.75, 16.05, 10.525],
			"to": [14.125, 17.425, 10.625],
			"rotation": {"angle": 0, "axis": "y", "origin": [20.175, 11.05, 16.675]},
			"faces": {
				"north": {"uv": [9.79688, 11.5, 14.17188, 13.5], "texture": "#1", "cullface": "up"},
				"east": {"uv": [7, 10.90625, 7.1, 12.90625], "texture": "#1", "cullface": "up"},
				"west": {"uv": [12.25, 12.84375, 12.53125, 12.84375], "texture": "#1", "cullface": "up"},
				"up": {"uv": [6.27188, 10.67188, 1.89687, 10.57188], "rotation": 180, "texture": "#0", "cullface": "up"}
			}
		},
		{
			"name": "px",
			"from": [9.8, 16.05, 10.425],
			"to": [14.075, 17.425, 10.525],
			"rotation": {"angle": 0, "axis": "y", "origin": [20.175, 11.05, 16.575]},
			"faces": {
				"north": {"uv": [9.79688, 11.5, 14.17188, 13.5], "texture": "#1", "cullface": "up"},
				"east": {"uv": [7, 10.90625, 7.1, 12.90625], "texture": "#1", "cullface": "up"},
				"west": {"uv": [12.25, 12.84375, 12.53125, 12.84375], "texture": "#1", "cullface": "up"},
				"up": {"uv": [6.22188, 10.57188, 1.94688, 10.47188], "rotation": 180, "texture": "#0", "cullface": "up"}
			}
		},
		{
			"name": "px",
			"from": [9.875, 16.05, 10.325],
			"to": [14, 17.425, 10.425],
			"rotation": {"angle": 0, "axis": "y", "origin": [20.175, 11.05, 16.475]},
			"faces": {
				"north": {"uv": [9.79688, 11.5, 14.17188, 13.5], "texture": "#1", "cullface": "up"},
				"east": {"uv": [7, 10.90625, 7.1, 12.90625], "texture": "#1", "cullface": "up"},
				"west": {"uv": [12.25, 12.84375, 12.53125, 12.84375], "texture": "#1", "cullface": "up"},
				"up": {"uv": [6.14688, 10.47188, 2.02187, 10.37187], "rotation": 180, "texture": "#0", "cullface": "up"}
			}
		},
		{
			"name": "px",
			"from": [9.95, 16.05, 10.225],
			"to": [13.925, 17.425, 10.325],
			"rotation": {"angle": 0, "axis": "y", "origin": [20.175, 11.05, 16.375]},
			"faces": {
				"north": {"uv": [9.79688, 11.5, 14.17188, 13.5], "texture": "#1", "cullface": "up"},
				"east": {"uv": [7, 10.90625, 7.1, 12.90625], "texture": "#1", "cullface": "up"},
				"west": {"uv": [12.25, 12.84375, 12.53125, 12.84375], "texture": "#1", "cullface": "up"},
				"up": {"uv": [6.07188, 10.37187, 2.09688, 10.27188], "rotation": 180, "texture": "#0", "cullface": "up"}
			}
		},
		{
			"name": "px",
			"from": [10.025, 16.05, 10.125],
			"to": [13.85, 17.425, 10.225],
			"rotation": {"angle": 0, "axis": "y", "origin": [20.175, 11.05, 16.275]},
			"faces": {
				"north": {"uv": [9.79688, 11.5, 14.17188, 13.5], "texture": "#1", "cullface": "up"},
				"east": {"uv": [7, 10.90625, 7.1, 12.90625], "texture": "#1", "cullface": "up"},
				"west": {"uv": [12.25, 12.84375, 12.53125, 12.84375], "texture": "#1", "cullface": "up"},
				"up": {"uv": [5.99687, 10.27188, 2.17188, 10.17188], "rotation": 180, "texture": "#0", "cullface": "up"}
			}
		},
		{
			"name": "px",
			"from": [10.075, 16.05, 10.025],
			"to": [13.75, 17.425, 10.125],
			"rotation": {"angle": 0, "axis": "y", "origin": [20.2, 11.05, 16.175]},
			"faces": {
				"north": {"uv": [9.79688, 11.5, 14.17188, 13.5], "texture": "#1", "cullface": "up"},
				"east": {"uv": [7, 10.90625, 7.1, 12.90625], "texture": "#1", "cullface": "up"},
				"west": {"uv": [12.25, 12.84375, 12.53125, 12.84375], "texture": "#1", "cullface": "up"},
				"up": {"uv": [5.89688, 10.17188, 2.22188, 10.07188], "rotation": 180, "texture": "#0", "cullface": "up"}
			}
		},
		{
			"name": "px",
			"from": [10.325, 16.05, 9.825],
			"to": [13.525, 17.425, 9.925],
			"rotation": {"angle": 0, "axis": "y", "origin": [19.975, 11.05, 16.175]},
			"faces": {
				"north": {"uv": [9.79688, 11.5, 14.17188, 13.5], "texture": "#1", "cullface": "up"},
				"east": {"uv": [7, 10.90625, 7.1, 12.90625], "texture": "#1", "cullface": "up"},
				"west": {"uv": [12.25, 12.84375, 12.53125, 12.84375], "texture": "#1", "cullface": "up"},
				"up": {"uv": [5.67188, 9.97188, 2.47188, 9.87187], "rotation": 180, "texture": "#0", "cullface": "up"}
			}
		},
		{
			"name": "px",
			"from": [10.2, 16.05, 9.925],
			"to": [13.65, 17.425, 10.025],
			"rotation": {"angle": 0, "axis": "y", "origin": [20.1, 11.05, 16.175]},
			"faces": {
				"north": {"uv": [9.79688, 11.5, 14.17188, 13.5], "texture": "#1", "cullface": "up"},
				"east": {"uv": [7, 10.90625, 7.1, 12.90625], "texture": "#1", "cullface": "up"},
				"west": {"uv": [12.25, 12.84375, 12.53125, 12.84375], "texture": "#1", "cullface": "up"},
				"up": {"uv": [5.79688, 10.07188, 2.34688, 9.97188], "rotation": 180, "texture": "#0", "cullface": "up"}
			}
		},
		{
			"name": "px",
			"from": [10.425, 16.05, 9.725],
			"to": [13.375, 17.425, 9.825],
			"rotation": {"angle": 0, "axis": "y", "origin": [19.825, 11.05, 16.175]},
			"faces": {
				"north": {"uv": [9.79688, 11.5, 14.17188, 13.5], "texture": "#1", "cullface": "up"},
				"east": {"uv": [7, 10.90625, 7.1, 12.90625], "texture": "#1", "cullface": "up"},
				"west": {"uv": [12.25, 12.84375, 12.53125, 12.84375], "texture": "#1", "cullface": "up"},
				"up": {"uv": [5.52188, 9.87187, 2.57188, 9.77188], "rotation": 180, "texture": "#0", "cullface": "up"}
			}
		},
		{
			"name": "px",
			"from": [10.55, 16.05, 9.625],
			"to": [13.25, 17.425, 9.725],
			"rotation": {"angle": 0, "axis": "y", "origin": [19.95, 11.05, 16.175]},
			"faces": {
				"north": {"uv": [9.79688, 11.5, 14.17188, 13.5], "texture": "#1", "cullface": "up"},
				"east": {"uv": [7, 10.90625, 7.1, 12.90625], "texture": "#1", "cullface": "up"},
				"west": {"uv": [12.25, 12.84375, 12.53125, 12.84375], "texture": "#1", "cullface": "up"},
				"up": {"uv": [5.39688, 9.77188, 2.69688, 9.67188], "rotation": 180, "texture": "#0", "cullface": "up"}
			}
		},
		{
			"name": "px",
			"from": [10.8, 16.05, 9.525],
			"to": [13.025, 17.425, 9.625],
			"rotation": {"angle": 0, "axis": "y", "origin": [19.95, 11.05, 16.175]},
			"faces": {
				"north": {"uv": [9.79688, 11.5, 14.17188, 13.5], "texture": "#1", "cullface": "up"},
				"east": {"uv": [7, 10.90625, 7.1, 12.90625], "texture": "#1", "cullface": "up"},
				"west": {"uv": [12.25, 12.84375, 12.53125, 12.84375], "texture": "#1", "cullface": "up"},
				"up": {"uv": [5.17188, 9.67188, 2.94688, 9.57188], "rotation": 180, "texture": "#0", "cullface": "up"}
			}
		},
		{
			"name": "px",
			"from": [11.05, 16.05, 9.45],
			"to": [12.8, 17.425, 9.525],
			"rotation": {"angle": 0, "axis": "y", "origin": [19.95, 11.05, 16.175]},
			"faces": {
				"north": {"uv": [9.79688, 11.5, 14.17188, 13.5], "texture": "#1", "cullface": "up"},
				"east": {"uv": [7, 10.90625, 7.075, 12.90625], "texture": "#1", "cullface": "up"},
				"west": {"uv": [12.25, 12.84375, 12.53125, 12.84375], "texture": "#1", "cullface": "up"},
				"up": {"uv": [4.94688, 9.57188, 3.19688, 9.49687], "rotation": 180, "texture": "#0", "cullface": "up"}
			}
		},
		{
			"name": "px",
			"from": [11.3, 16.05, 9.375],
			"to": [12.5, 17.425, 9.45],
			"rotation": {"angle": 0, "axis": "y", "origin": [19.95, 11.05, 16.2]},
			"faces": {
				"north": {"uv": [9.79688, 11.5, 14.17188, 13.5], "texture": "#1", "cullface": "up"},
				"east": {"uv": [7, 10.90625, 7.075, 12.90625], "texture": "#1", "cullface": "up"},
				"west": {"uv": [12.25, 12.84375, 12.53125, 12.84375], "texture": "#1", "cullface": "up"},
				"up": {"uv": [4.64687, 9.49687, 3.44688, 9.42188], "rotation": 180, "texture": "#0", "cullface": "up"}
			}
		},
		{
			"name": "px",
			"from": [9.4, 16.05, 11.75],
			"to": [14.475, 17.425, 12.075],
			"rotation": {"angle": 0, "axis": "y", "origin": [3.7, 11.05, 5.925]},
			"faces": {
				"east": {"uv": [7, 10.90625, 7.275, 12.90625], "texture": "#1", "cullface": "up"},
				"west": {"uv": [12.25, 12.84375, 12.53125, 12.84375], "texture": "#1", "cullface": "up"},
				"up": {"uv": [1.54688, 11.84688, 6.62187, 12.12188], "texture": "#0", "cullface": "up"}
			}
		},
		{
			"name": "px",
			"from": [9.4, 16.05, 12.075],
			"to": [14.475, 17.425, 12.275],
			"rotation": {"angle": 0, "axis": "y", "origin": [3.7, 11.05, 6.025]},
			"faces": {
				"east": {"uv": [7, 10.90625, 7.2, 12.90625], "texture": "#1", "cullface": "up"},
				"south": {"uv": [2.09375, 12.25, 7.17188, 14.25], "texture": "#1", "cullface": "up"},
				"west": {"uv": [12.25, 12.84375, 12.53125, 12.84375], "texture": "#1", "cullface": "up"},
				"up": {"uv": [1.54688, 12.12188, 6.62187, 12.32188], "texture": "#0", "cullface": "up"}
			}
		},
		{
			"name": "px",
			"from": [9.425, 16.05, 12.275],
			"to": [14.45, 17.425, 12.4],
			"rotation": {"angle": 0, "axis": "y", "origin": [3.7, 11.05, 6.225]},
			"faces": {
				"east": {"uv": [7, 10.90625, 7.125, 12.90625], "texture": "#1", "cullface": "up"},
				"south": {"uv": [2.09375, 12.25, 7.17188, 14.25], "texture": "#1", "cullface": "up"},
				"west": {"uv": [12.25, 12.84375, 12.53125, 12.84375], "texture": "#1", "cullface": "up"},
				"up": {"uv": [1.57188, 12.32188, 6.59688, 12.44688], "texture": "#0", "cullface": "up"}
			}
		},
		{
			"name": "px",
			"from": [9.475, 16.05, 12.5],
			"to": [14.4, 17.425, 12.6],
			"rotation": {"angle": 0, "axis": "y", "origin": [3.7, 11.05, 6.45]},
			"faces": {
				"east": {"uv": [7, 10.90625, 7.1, 12.90625], "texture": "#1", "cullface": "up"},
				"south": {"uv": [2.09375, 12.25, 7.17188, 14.25], "texture": "#1", "cullface": "up"},
				"west": {"uv": [12.25, 12.84375, 12.53125, 12.84375], "texture": "#1", "cullface": "up"},
				"up": {"uv": [1.62187, 12.54688, 6.54688, 12.64688], "texture": "#0", "cullface": "up"}
			}
		},
		{
			"name": "px",
			"from": [9.45, 16.05, 12.4],
			"to": [14.425, 17.425, 12.5],
			"rotation": {"angle": 0, "axis": "y", "origin": [3.7, 11.05, 6.35]},
			"faces": {
				"east": {"uv": [7, 10.90625, 7.1, 12.90625], "texture": "#1", "cullface": "up"},
				"south": {"uv": [2.09375, 12.25, 7.17188, 14.25], "texture": "#1", "cullface": "up"},
				"west": {"uv": [12.25, 12.84375, 12.53125, 12.84375], "texture": "#1", "cullface": "up"},
				"up": {"uv": [1.59688, 12.44688, 6.57188, 12.54688], "texture": "#0", "cullface": "up"}
			}
		},
		{
			"name": "px",
			"from": [9.5, 16.05, 12.6],
			"to": [14.375, 17.425, 12.7],
			"rotation": {"angle": 0, "axis": "y", "origin": [3.7, 11.05, 6.55]},
			"faces": {
				"east": {"uv": [7, 10.90625, 7.1, 12.90625], "texture": "#1", "cullface": "up"},
				"south": {"uv": [2.09375, 12.25, 7.17188, 14.25], "texture": "#1", "cullface": "up"},
				"west": {"uv": [12.25, 12.84375, 12.53125, 12.84375], "texture": "#1", "cullface": "up"},
				"up": {"uv": [1.64687, 12.64688, 6.52188, 12.74688], "texture": "#0", "cullface": "up"}
			}
		},
		{
			"name": "px",
			"from": [9.575, 16.05, 12.8],
			"to": [14.325, 17.425, 12.9],
			"rotation": {"angle": 0, "axis": "y", "origin": [3.7, 11.05, 6.75]},
			"faces": {
				"east": {"uv": [7, 10.90625, 7.1, 12.90625], "texture": "#1", "cullface": "up"},
				"south": {"uv": [2.09375, 12.25, 7.17188, 14.25], "texture": "#1", "cullface": "up"},
				"west": {"uv": [12.25, 12.84375, 12.53125, 12.84375], "texture": "#1", "cullface": "up"},
				"up": {"uv": [1.72188, 12.84688, 6.47188, 12.94688], "texture": "#0", "cullface": "up"}
			}
		},
		{
			"name": "px",
			"from": [9.55, 16.05, 12.7],
			"to": [14.35, 17.425, 12.8],
			"rotation": {"angle": 0, "axis": "y", "origin": [3.7, 11.05, 6.65]},
			"faces": {
				"east": {"uv": [7, 10.90625, 7.1, 12.90625], "texture": "#1", "cullface": "up"},
				"south": {"uv": [2.09375, 12.25, 7.17188, 14.25], "texture": "#1", "cullface": "up"},
				"west": {"uv": [12.25, 12.84375, 12.53125, 12.84375], "texture": "#1", "cullface": "up"},
				"up": {"uv": [1.69688, 12.74688, 6.49687, 12.84688], "texture": "#0", "cullface": "up"}
			}
		},
		{
			"name": "px",
			"from": [9.6, 16.05, 12.9],
			"to": [14.275, 17.425, 13],
			"rotation": {"angle": 0, "axis": "y", "origin": [3.7, 11.05, 6.85]},
			"faces": {
				"east": {"uv": [7, 10.90625, 7.1, 12.90625], "texture": "#1", "cullface": "up"},
				"south": {"uv": [2.09375, 12.25, 7.17188, 14.25], "texture": "#1", "cullface": "up"},
				"west": {"uv": [12.25, 12.84375, 12.53125, 12.84375], "texture": "#1", "cullface": "up"},
				"up": {"uv": [1.74687, 12.94688, 6.42188, 13.04688], "texture": "#0", "cullface": "up"}
			}
		},
		{
			"name": "px",
			"from": [9.65, 16.05, 13],
			"to": [14.225, 17.425, 13.1],
			"rotation": {"angle": 0, "axis": "y", "origin": [3.7, 11.05, 6.95]},
			"faces": {
				"east": {"uv": [7, 10.90625, 7.1, 12.90625], "texture": "#1", "cullface": "up"},
				"south": {"uv": [2.09375, 12.25, 7.17188, 14.25], "texture": "#1", "cullface": "up"},
				"west": {"uv": [12.25, 12.84375, 12.53125, 12.84375], "texture": "#1", "cullface": "up"},
				"up": {"uv": [1.79688, 13.04688, 6.37187, 13.14688], "texture": "#0", "cullface": "up"}
			}
		},
		{
			"name": "px",
			"from": [9.7, 16.05, 13.1],
			"to": [14.175, 17.425, 13.2],
			"rotation": {"angle": 0, "axis": "y", "origin": [3.7, 11.05, 7.05]},
			"faces": {
				"east": {"uv": [7, 10.90625, 7.1, 12.90625], "texture": "#1", "cullface": "up"},
				"south": {"uv": [2.09375, 12.25, 7.17188, 14.25], "texture": "#1", "cullface": "up"},
				"west": {"uv": [12.25, 12.84375, 12.53125, 12.84375], "texture": "#1", "cullface": "up"},
				"up": {"uv": [1.84688, 13.14688, 6.32188, 13.24688], "texture": "#0", "cullface": "up"}
			}
		},
		{
			"name": "px",
			"from": [9.75, 16.05, 13.2],
			"to": [14.125, 17.425, 13.3],
			"rotation": {"angle": 0, "axis": "y", "origin": [3.7, 11.05, 7.15]},
			"faces": {
				"east": {"uv": [7, 10.90625, 7.1, 12.90625], "texture": "#1", "cullface": "up"},
				"south": {"uv": [2.09375, 12.25, 7.17188, 14.25], "texture": "#1", "cullface": "up"},
				"west": {"uv": [12.25, 12.84375, 12.53125, 12.84375], "texture": "#1", "cullface": "up"},
				"up": {"uv": [1.89687, 13.24688, 6.27188, 13.34688], "texture": "#0", "cullface": "up"}
			}
		},
		{
			"name": "px",
			"from": [9.8, 16.05, 13.3],
			"to": [14.075, 17.425, 13.4],
			"rotation": {"angle": 0, "axis": "y", "origin": [3.7, 11.05, 7.25]},
			"faces": {
				"east": {"uv": [7, 10.90625, 7.1, 12.90625], "texture": "#1", "cullface": "up"},
				"south": {"uv": [2.09375, 12.25, 7.17188, 14.25], "texture": "#1", "cullface": "up"},
				"west": {"uv": [12.25, 12.84375, 12.53125, 12.84375], "texture": "#1", "cullface": "up"},
				"up": {"uv": [1.94688, 13.34688, 6.22188, 13.44688], "texture": "#0", "cullface": "up"}
			}
		},
		{
			"name": "px",
			"from": [9.875, 16.05, 13.4],
			"to": [14, 17.425, 13.5],
			"rotation": {"angle": 0, "axis": "y", "origin": [3.7, 11.05, 7.35]},
			"faces": {
				"east": {"uv": [7, 10.90625, 7.1, 12.90625], "texture": "#1", "cullface": "up"},
				"south": {"uv": [2.09375, 12.25, 7.17188, 14.25], "texture": "#1", "cullface": "up"},
				"west": {"uv": [12.25, 12.84375, 12.53125, 12.84375], "texture": "#1", "cullface": "up"},
				"up": {"uv": [2.02187, 13.44688, 6.14688, 13.54688], "texture": "#0", "cullface": "up"}
			}
		},
		{
			"name": "px",
			"from": [9.95, 16.05, 13.5],
			"to": [13.925, 17.425, 13.6],
			"rotation": {"angle": 0, "axis": "y", "origin": [3.7, 11.05, 7.45]},
			"faces": {
				"east": {"uv": [7, 10.90625, 7.1, 12.90625], "texture": "#1", "cullface": "up"},
				"south": {"uv": [2.09375, 12.25, 7.17188, 14.25], "texture": "#1", "cullface": "up"},
				"west": {"uv": [12.25, 12.84375, 12.53125, 12.84375], "texture": "#1", "cullface": "up"},
				"up": {"uv": [2.09688, 13.54688, 6.07188, 13.64688], "texture": "#0", "cullface": "up"}
			}
		},
		{
			"name": "px",
			"from": [10.025, 16.05, 13.6],
			"to": [13.85, 17.425, 13.7],
			"rotation": {"angle": 0, "axis": "y", "origin": [3.7, 11.05, 7.55]},
			"faces": {
				"east": {"uv": [7, 10.90625, 7.1, 12.90625], "texture": "#1", "cullface": "up"},
				"south": {"uv": [2.09375, 12.25, 7.17188, 14.25], "texture": "#1", "cullface": "up"},
				"west": {"uv": [12.25, 12.84375, 12.53125, 12.84375], "texture": "#1", "cullface": "up"},
				"up": {"uv": [2.17188, 13.64688, 5.99687, 13.74688], "texture": "#0", "cullface": "up"}
			}
		},
		{
			"name": "px",
			"from": [10.125, 16.05, 13.7],
			"to": [13.8, 17.425, 13.8],
			"rotation": {"angle": 0, "axis": "y", "origin": [3.675, 11.05, 7.65]},
			"faces": {
				"east": {"uv": [7, 10.90625, 7.1, 12.90625], "texture": "#1", "cullface": "up"},
				"south": {"uv": [2.09375, 12.25, 7.17188, 14.25], "texture": "#1", "cullface": "up"},
				"west": {"uv": [12.25, 12.84375, 12.53125, 12.84375], "texture": "#1", "cullface": "up"},
				"up": {"uv": [2.27187, 13.74688, 5.94688, 13.84688], "texture": "#0", "cullface": "up"}
			}
		},
		{
			"name": "px",
			"from": [10.35, 16.05, 13.9],
			"to": [13.55, 17.425, 14],
			"rotation": {"angle": 0, "axis": "y", "origin": [3.9, 11.05, 7.65]},
			"faces": {
				"east": {"uv": [7, 10.90625, 7.1, 12.90625], "texture": "#1", "cullface": "up"},
				"south": {"uv": [2.09375, 12.25, 7.17188, 14.25], "texture": "#1", "cullface": "up"},
				"west": {"uv": [12.25, 12.84375, 12.53125, 12.84375], "texture": "#1", "cullface": "up"},
				"up": {"uv": [2.49687, 13.94688, 5.69688, 14.04688], "texture": "#0", "cullface": "up"}
			}
		},
		{
			"name": "px",
			"from": [10.225, 16.05, 13.8],
			"to": [13.675, 17.425, 13.9],
			"rotation": {"angle": 0, "axis": "y", "origin": [3.775, 11.05, 7.65]},
			"faces": {
				"east": {"uv": [7, 10.90625, 7.1, 12.90625], "texture": "#1", "cullface": "up"},
				"south": {"uv": [2.09375, 12.25, 7.17188, 14.25], "texture": "#1", "cullface": "up"},
				"west": {"uv": [12.25, 12.84375, 12.53125, 12.84375], "texture": "#1", "cullface": "up"},
				"up": {"uv": [2.37187, 13.84688, 5.82188, 13.94688], "texture": "#0", "cullface": "up"}
			}
		},
		{
			"name": "px",
			"from": [10.5, 16.05, 14],
			"to": [13.45, 17.425, 14.1],
			"rotation": {"angle": 0, "axis": "y", "origin": [4.05, 11.05, 7.65]},
			"faces": {
				"east": {"uv": [7, 10.90625, 7.1, 12.90625], "texture": "#1", "cullface": "up"},
				"south": {"uv": [2.09375, 12.25, 7.17188, 14.25], "texture": "#1", "cullface": "up"},
				"west": {"uv": [12.25, 12.84375, 12.53125, 12.84375], "texture": "#1", "cullface": "up"},
				"up": {"uv": [2.64687, 14.04688, 5.59688, 14.14688], "texture": "#0", "cullface": "up"}
			}
		},
		{
			"name": "px",
			"from": [10.625, 16.05, 14.1],
			"to": [13.325, 17.425, 14.2],
			"rotation": {"angle": 0, "axis": "y", "origin": [3.925, 11.05, 7.65]},
			"faces": {
				"east": {"uv": [7, 10.90625, 7.1, 12.90625], "texture": "#1", "cullface": "up"},
				"south": {"uv": [2.09375, 12.25, 7.17188, 14.25], "texture": "#1", "cullface": "up"},
				"west": {"uv": [12.25, 12.84375, 12.53125, 12.84375], "texture": "#1", "cullface": "up"},
				"up": {"uv": [2.77187, 14.14688, 5.47188, 14.24688], "texture": "#0", "cullface": "up"}
			}
		},
		{
			"name": "px",
			"from": [10.85, 16.05, 14.2],
			"to": [13.075, 17.425, 14.3],
			"rotation": {"angle": 0, "axis": "y", "origin": [3.925, 11.05, 7.65]},
			"faces": {
				"east": {"uv": [7, 10.90625, 7.1, 12.90625], "texture": "#1", "cullface": "up"},
				"south": {"uv": [2.09375, 12.25, 7.17188, 14.25], "texture": "#1", "cullface": "up"},
				"west": {"uv": [12.25, 12.84375, 12.53125, 12.84375], "texture": "#1", "cullface": "up"},
				"up": {"uv": [2.99687, 14.24688, 5.22188, 14.34688], "texture": "#0", "cullface": "up"}
			}
		},
		{
			"name": "px",
			"from": [11.075, 16.05, 14.3],
			"to": [12.825, 17.425, 14.375],
			"rotation": {"angle": 0, "axis": "y", "origin": [3.925, 11.05, 7.65]},
			"faces": {
				"east": {"uv": [7, 10.90625, 7.075, 12.90625], "texture": "#1", "cullface": "up"},
				"south": {"uv": [2.09375, 12.25, 7.17188, 14.25], "texture": "#1", "cullface": "up"},
				"west": {"uv": [12.25, 12.84375, 12.53125, 12.84375], "texture": "#1", "cullface": "up"},
				"up": {"uv": [3.22188, 14.34688, 4.97188, 14.42188], "texture": "#0", "cullface": "up"}
			}
		},
		{
			"name": "px",
			"from": [11.375, 16.05, 14.375],
			"to": [12.575, 17.425, 14.45],
			"rotation": {"angle": 0, "axis": "y", "origin": [3.925, 11.05, 7.625]},
			"faces": {
				"east": {"uv": [7, 10.90625, 7.075, 12.90625], "texture": "#1", "cullface": "up"},
				"south": {"uv": [2.09375, 12.25, 7.17188, 14.25], "texture": "#1", "cullface": "up"},
				"west": {"uv": [12.25, 12.84375, 12.53125, 12.84375], "texture": "#1", "cullface": "up"},
				"up": {"uv": [3.52187, 14.42188, 4.72188, 14.49688], "texture": "#0", "cullface": "up"}
			}
		},
		{
			"name": "px",
			"from": [3.475, 9.675, 14.375],
			"to": [4.675, 11.05, 14.45],
			"rotation": {"angle": 0, "axis": "y", "origin": [-3.975, 11.05, 7.625]},
			"faces": {
				"east": {"uv": [7, 10.90625, 7.075, 12.90625], "texture": "#1", "cullface": "up"},
				"south": {"uv": [2.09375, 12.25, 7.17188, 14.25], "texture": "#1"},
				"west": {"uv": [12.25, 12.84375, 12.53125, 12.84375], "texture": "#1"},
				"up": {"uv": [11.33438, 14.42188, 12.53438, 14.49688], "texture": "#0"}
			}
		},
		{
			"name": "px",
			"from": [3.175, 9.675, 14.3],
			"to": [4.925, 11.05, 14.375],
			"rotation": {"angle": 0, "axis": "y", "origin": [-3.975, 11.05, 7.65]},
			"faces": {
				"east": {"uv": [7, 10.90625, 7.075, 12.90625], "texture": "#1", "cullface": "up"},
				"south": {"uv": [2.09375, 12.25, 7.17188, 14.25], "texture": "#1"},
				"west": {"uv": [12.25, 12.84375, 12.53125, 12.84375], "texture": "#1"},
				"up": {"uv": [11.03438, 14.34688, 12.78438, 14.42188], "texture": "#0"}
			}
		},
		{
			"name": "px",
			"from": [2.95, 9.675, 14.2],
			"to": [5.175, 11.05, 14.3],
			"rotation": {"angle": 0, "axis": "y", "origin": [-3.975, 11.05, 7.65]},
			"faces": {
				"east": {"uv": [7, 10.90625, 7.1, 12.90625], "texture": "#1", "cullface": "up"},
				"south": {"uv": [2.09375, 12.25, 7.17188, 14.25], "texture": "#1"},
				"west": {"uv": [12.25, 12.84375, 12.53125, 12.84375], "texture": "#1"},
				"up": {"uv": [10.80938, 14.24688, 13.03438, 14.34688], "texture": "#0"}
			}
		},
		{
			"name": "px",
			"from": [2.725, 9.675, 14.1],
			"to": [5.425, 11.05, 14.2],
			"rotation": {"angle": 0, "axis": "y", "origin": [-3.975, 11.05, 7.65]},
			"faces": {
				"east": {"uv": [7, 10.90625, 7.1, 12.90625], "texture": "#1", "cullface": "up"},
				"south": {"uv": [2.09375, 12.25, 7.17188, 14.25], "texture": "#1"},
				"west": {"uv": [12.25, 12.84375, 12.53125, 12.84375], "texture": "#1"},
				"up": {"uv": [10.58438, 14.14688, 13.28438, 14.24688], "texture": "#0"}
			}
		},
		{
			"name": "px",
			"from": [2.6, 9.675, 14],
			"to": [5.55, 11.05, 14.1],
			"rotation": {"angle": 0, "axis": "y", "origin": [-3.85, 11.05, 7.65]},
			"faces": {
				"east": {"uv": [7, 10.90625, 7.1, 12.90625], "texture": "#1", "cullface": "up"},
				"south": {"uv": [2.09375, 12.25, 7.17188, 14.25], "texture": "#1"},
				"west": {"uv": [12.25, 12.84375, 12.53125, 12.84375], "texture": "#1"},
				"up": {"uv": [10.45938, 14.04688, 13.40938, 14.14688], "texture": "#0"}
			}
		},
		{
			"name": "px",
			"from": [2.325, 9.675, 13.8],
			"to": [5.775, 11.05, 13.9],
			"rotation": {"angle": 0, "axis": "y", "origin": [-4.125, 11.05, 7.65]},
			"faces": {
				"east": {"uv": [7, 10.90625, 7.1, 12.90625], "texture": "#1", "cullface": "up"},
				"south": {"uv": [2.09375, 12.25, 7.17188, 14.25], "texture": "#1"},
				"west": {"uv": [12.25, 12.84375, 12.53125, 12.84375], "texture": "#1"},
				"up": {"uv": [10.18437, 13.84688, 13.63438, 13.94688], "texture": "#0"}
			}
		},
		{
			"name": "px",
			"from": [2.45, 9.675, 13.9],
			"to": [5.65, 11.05, 14],
			"rotation": {"angle": 0, "axis": "y", "origin": [-4, 11.05, 7.65]},
			"faces": {
				"east": {"uv": [7, 10.90625, 7.1, 12.90625], "texture": "#1", "cullface": "up"},
				"south": {"uv": [2.09375, 12.25, 7.17188, 14.25], "texture": "#1"},
				"west": {"uv": [12.25, 12.84375, 12.53125, 12.84375], "texture": "#1"},
				"up": {"uv": [10.30937, 13.94688, 13.50938, 14.04688], "texture": "#0"}
			}
		},
		{
			"name": "px",
			"from": [2.225, 9.675, 13.7],
			"to": [5.9, 11.05, 13.8],
			"rotation": {"angle": 0, "axis": "y", "origin": [-4.225, 11.05, 7.65]},
			"faces": {
				"east": {"uv": [7, 10.90625, 7.1, 12.90625], "texture": "#1", "cullface": "up"},
				"south": {"uv": [2.09375, 12.25, 7.17188, 14.25], "texture": "#1"},
				"west": {"uv": [12.25, 12.84375, 12.53125, 12.84375], "texture": "#1"},
				"up": {"uv": [10.08438, 13.74688, 13.75938, 13.84688], "texture": "#0"}
			}
		},
		{
			"name": "px",
			"from": [2.125, 9.675, 13.6],
			"to": [5.95, 11.05, 13.7],
			"rotation": {"angle": 0, "axis": "y", "origin": [-4.2, 11.05, 7.55]},
			"faces": {
				"east": {"uv": [7, 10.90625, 7.1, 12.90625], "texture": "#1", "cullface": "up"},
				"south": {"uv": [2.09375, 12.25, 7.17188, 14.25], "texture": "#1"},
				"west": {"uv": [12.25, 12.84375, 12.53125, 12.84375], "texture": "#1"},
				"up": {"uv": [9.98438, 13.64688, 13.80938, 13.74688], "texture": "#0"}
			}
		},
		{
			"name": "px",
			"from": [2.05, 9.675, 13.5],
			"to": [6.025, 11.05, 13.6],
			"rotation": {"angle": 0, "axis": "y", "origin": [-4.2, 11.05, 7.45]},
			"faces": {
				"east": {"uv": [7, 10.90625, 7.1, 12.90625], "texture": "#1", "cullface": "up"},
				"south": {"uv": [2.09375, 12.25, 7.17188, 14.25], "texture": "#1"},
				"west": {"uv": [12.25, 12.84375, 12.53125, 12.84375], "texture": "#1"},
				"up": {"uv": [9.90938, 13.54688, 13.88438, 13.64688], "texture": "#0"}
			}
		},
		{
			"name": "px",
			"from": [1.975, 9.675, 13.4],
			"to": [6.1, 11.05, 13.5],
			"rotation": {"angle": 0, "axis": "y", "origin": [-4.2, 11.05, 7.35]},
			"faces": {
				"east": {"uv": [7, 10.90625, 7.1, 12.90625], "texture": "#1", "cullface": "up"},
				"south": {"uv": [2.09375, 12.25, 7.17188, 14.25], "texture": "#1"},
				"west": {"uv": [12.25, 12.84375, 12.53125, 12.84375], "texture": "#1"},
				"up": {"uv": [9.83438, 13.44688, 13.95938, 13.54688], "texture": "#0"}
			}
		},
		{
			"name": "px",
			"from": [1.9, 9.675, 13.3],
			"to": [6.175, 11.05, 13.4],
			"rotation": {"angle": 0, "axis": "y", "origin": [-4.2, 11.05, 7.25]},
			"faces": {
				"east": {"uv": [7, 10.90625, 7.1, 12.90625], "texture": "#1", "cullface": "up"},
				"south": {"uv": [2.09375, 12.25, 7.17188, 14.25], "texture": "#1"},
				"west": {"uv": [12.25, 12.84375, 12.53125, 12.84375], "texture": "#1"},
				"up": {"uv": [9.75938, 13.34688, 14.03438, 13.44688], "texture": "#0"}
			}
		},
		{
			"name": "px",
			"from": [1.85, 9.675, 13.2],
			"to": [6.225, 11.05, 13.3],
			"rotation": {"angle": 0, "axis": "y", "origin": [-4.2, 11.05, 7.15]},
			"faces": {
				"east": {"uv": [7, 10.90625, 7.1, 12.90625], "texture": "#1", "cullface": "up"},
				"south": {"uv": [3.15625, 13.34375, 7.53125, 13.34375], "texture": "#1"},
				"west": {"uv": [12.25, 12.84375, 12.53125, 12.84375], "texture": "#1"},
				"up": {"uv": [9.70938, 13.24688, 14.08438, 13.34688], "texture": "#0"}
			}
		},
		{
			"name": "px",
			"from": [1.8, 9.675, 13.1],
			"to": [6.275, 11.05, 13.2],
			"rotation": {"angle": 0, "axis": "y", "origin": [-4.2, 11.05, 7.05]},
			"faces": {
				"east": {"uv": [7, 10.90625, 7.1, 12.90625], "texture": "#1", "cullface": "up"},
				"south": {"uv": [2.09375, 12.25, 7.17188, 14.25], "texture": "#1"},
				"west": {"uv": [12.25, 12.84375, 12.53125, 12.84375], "texture": "#1"},
				"up": {"uv": [9.65938, 13.14688, 14.13438, 13.24688], "texture": "#0"}
			}
		},
		{
			"name": "px",
			"from": [1.75, 9.675, 13],
			"to": [6.325, 11.05, 13.1],
			"rotation": {"angle": 0, "axis": "y", "origin": [-4.2, 11.05, 6.95]},
			"faces": {
				"east": {"uv": [7, 10.90625, 7.1, 12.90625], "texture": "#1", "cullface": "up"},
				"south": {"uv": [2.09375, 12.25, 7.17188, 14.25], "texture": "#1"},
				"west": {"uv": [12.25, 12.84375, 12.53125, 12.84375], "texture": "#1"},
				"up": {"uv": [9.60938, 13.04688, 14.18438, 13.14688], "texture": "#0"}
			}
		},
		{
			"name": "px",
			"from": [1.7, 9.675, 12.9],
			"to": [6.375, 11.05, 13],
			"rotation": {"angle": 0, "axis": "y", "origin": [-4.2, 11.05, 6.85]},
			"faces": {
				"east": {"uv": [7, 10.90625, 7.1, 12.90625], "texture": "#1", "cullface": "up"},
				"south": {"uv": [2.09375, 12.25, 7.17188, 14.25], "texture": "#1"},
				"west": {"uv": [12.25, 12.84375, 12.53125, 12.84375], "texture": "#1"},
				"up": {"uv": [9.55937, 12.94688, 14.23438, 13.04688], "texture": "#0"}
			}
		},
		{
			"name": "px",
			"from": [1.65, 9.675, 12.7],
			"to": [6.45, 11.05, 12.8],
			"rotation": {"angle": 0, "axis": "y", "origin": [-4.2, 11.05, 6.65]},
			"faces": {
				"east": {"uv": [7, 10.90625, 7.1, 12.90625], "texture": "#1", "cullface": "up"},
				"south": {"uv": [2.09375, 12.25, 7.17188, 14.25], "texture": "#1"},
				"west": {"uv": [12.25, 12.84375, 12.53125, 12.84375], "texture": "#1"},
				"up": {"uv": [9.50938, 12.74688, 14.30938, 12.84688], "texture": "#0"}
			}
		},
		{
			"name": "px",
			"from": [1.675, 9.675, 12.8],
			"to": [6.425, 11.05, 12.9],
			"rotation": {"angle": 0, "axis": "y", "origin": [-4.2, 11.05, 6.75]},
			"faces": {
				"east": {"uv": [7, 10.90625, 7.1, 12.90625], "texture": "#1", "cullface": "up"},
				"south": {"uv": [2.09375, 12.25, 7.17188, 14.25], "texture": "#1"},
				"west": {"uv": [12.25, 12.84375, 12.53125, 12.84375], "texture": "#1"},
				"up": {"uv": [9.53438, 12.84688, 14.28438, 12.94688], "texture": "#0"}
			}
		},
		{
			"name": "px",
			"from": [1.6, 9.675, 12.6],
			"to": [6.475, 11.05, 12.7],
			"rotation": {"angle": 0, "axis": "y", "origin": [-4.2, 11.05, 6.55]},
			"faces": {
				"east": {"uv": [7, 10.90625, 7.1, 12.90625], "texture": "#1", "cullface": "up"},
				"south": {"uv": [2.09375, 12.25, 7.17188, 14.25], "texture": "#1"},
				"west": {"uv": [12.25, 12.84375, 12.53125, 12.84375], "texture": "#1"},
				"up": {"uv": [9.45938, 12.64688, 14.33438, 12.74688], "texture": "#0"}
			}
		},
		{
			"name": "px",
			"from": [1.55, 9.675, 12.4],
			"to": [6.525, 11.05, 12.5],
			"rotation": {"angle": 0, "axis": "y", "origin": [-4.2, 11.05, 6.35]},
			"faces": {
				"east": {"uv": [7, 10.90625, 7.1, 12.90625], "texture": "#1", "cullface": "up"},
				"south": {"uv": [2.09375, 12.25, 7.17188, 14.25], "texture": "#1"},
				"west": {"uv": [12.25, 12.84375, 12.53125, 12.84375], "texture": "#1"},
				"up": {"uv": [9.40938, 12.44688, 14.38438, 12.54688], "texture": "#0"}
			}
		},
		{
			"name": "px",
			"from": [1.575, 9.675, 12.5],
			"to": [6.5, 11.05, 12.6],
			"rotation": {"angle": 0, "axis": "y", "origin": [-4.2, 11.05, 6.45]},
			"faces": {
				"east": {"uv": [7, 10.90625, 7.1, 12.90625], "texture": "#1", "cullface": "up"},
				"south": {"uv": [2.09375, 12.25, 7.17188, 14.25], "texture": "#1"},
				"west": {"uv": [12.25, 12.84375, 12.53125, 12.84375], "texture": "#1"},
				"up": {"uv": [9.43437, 12.54688, 14.35938, 12.64688], "texture": "#0"}
			}
		},
		{
			"name": "px",
			"from": [1.525, 9.675, 12.275],
			"to": [6.55, 11.05, 12.4],
			"rotation": {"angle": 0, "axis": "y", "origin": [-4.2, 11.05, 6.225]},
			"faces": {
				"east": {"uv": [7, 10.90625, 7.125, 12.90625], "texture": "#1", "cullface": "up"},
				"south": {"uv": [2.09375, 12.25, 7.17188, 14.25], "texture": "#1"},
				"west": {"uv": [12.25, 12.84375, 12.53125, 12.84375], "texture": "#1"},
				"up": {"uv": [9.38438, 12.32188, 14.40938, 12.44688], "texture": "#0"}
			}
		},
		{
			"name": "px",
			"from": [1.5, 9.675, 12.075],
			"to": [6.575, 11.05, 12.275],
			"rotation": {"angle": 0, "axis": "y", "origin": [-4.2, 11.05, 6.025]},
			"faces": {
				"east": {"uv": [7, 10.90625, 7.2, 12.90625], "texture": "#1", "cullface": "up"},
				"south": {"uv": [2.09375, 12.25, 7.17188, 14.25], "texture": "#1"},
				"west": {"uv": [12.25, 12.84375, 12.53125, 12.84375], "texture": "#1"},
				"up": {"uv": [9.35938, 12.12188, 14.43438, 12.32188], "texture": "#0"}
			}
		},
		{
			"name": "px",
			"from": [1.5, 9.675, 11.75],
			"to": [6.575, 11.05, 12.075],
			"rotation": {"angle": 0, "axis": "y", "origin": [-4.2, 11.05, 5.925]},
			"faces": {
				"north": {"uv": [9.79688, 11.5, 14.17188, 13.5], "texture": "#1", "cullface": "up"},
				"east": {"uv": [7, 10.90625, 7.275, 12.90625], "texture": "#1", "cullface": "up"},
				"west": {"uv": [12.25, 12.84375, 12.53125, 12.84375], "texture": "#1"},
				"up": {"uv": [9.35938, 11.84688, 14.43438, 12.12188], "texture": "#0"}
			}
		},
		{
			"name": "px",
			"from": [1.55, 9.675, 11.55],
			"to": [6.6, 11.05, 11.75],
			"rotation": {"angle": 0, "axis": "y", "origin": [12.25, 11.05, 17.8]},
			"faces": {
				"north": {"uv": [9.79688, 11.5, 14.17188, 13.5], "texture": "#1"},
				"east": {"uv": [7, 10.90625, 7.2, 12.90625], "texture": "#1", "cullface": "up"},
				"west": {"uv": [12.25, 12.84375, 12.53125, 12.84375], "texture": "#1"},
				"up": {"uv": [14.48438, 11.79688, 9.40938, 11.59688], "rotation": 180, "texture": "#0"}
			}
		},
		{
			"name": "px",
			"from": [1.575, 9.675, 11.425],
			"to": [6.575, 11.05, 11.55],
			"rotation": {"angle": 0, "axis": "y", "origin": [12.25, 11.05, 17.6]},
			"faces": {
				"north": {"uv": [9.79688, 11.5, 14.17188, 13.5], "texture": "#1"},
				"east": {"uv": [7, 10.90625, 7.125, 12.90625], "texture": "#1", "cullface": "up"},
				"west": {"uv": [12.25, 12.84375, 12.53125, 12.84375], "texture": "#1"},
				"up": {"uv": [14.45938, 11.59688, 9.43437, 11.47188], "rotation": 180, "texture": "#0"}
			}
		},
		{
			"name": "px",
			"from": [1.625, 9.675, 11.225],
			"to": [6.525, 11.05, 11.325],
			"rotation": {"angle": 0, "axis": "y", "origin": [12.25, 11.05, 17.375]},
			"faces": {
				"north": {"uv": [9.79688, 11.5, 14.17188, 13.5], "texture": "#1"},
				"east": {"uv": [7, 10.90625, 7.1, 12.90625], "texture": "#1", "cullface": "up"},
				"west": {"uv": [12.25, 12.84375, 12.53125, 12.84375], "texture": "#1"},
				"up": {"uv": [14.40938, 11.37188, 9.48438, 11.27188], "rotation": 180, "texture": "#0"}
			}
		},
		{
			"name": "px",
			"from": [1.6, 9.675, 11.325],
			"to": [6.55, 11.05, 11.425],
			"rotation": {"angle": 0, "axis": "y", "origin": [12.25, 11.05, 17.475]},
			"faces": {
				"north": {"uv": [9.79688, 11.5, 14.17188, 13.5], "texture": "#1"},
				"east": {"uv": [7, 10.90625, 7.1, 12.90625], "texture": "#1", "cullface": "up"},
				"west": {"uv": [12.25, 12.84375, 12.53125, 12.84375], "texture": "#1"},
				"up": {"uv": [14.43438, 11.47188, 9.45938, 11.37188], "rotation": 180, "texture": "#0"}
			}
		},
		{
			"name": "px",
			"from": [1.65, 9.675, 11.125],
			"to": [6.5, 11.05, 11.225],
			"rotation": {"angle": 0, "axis": "y", "origin": [12.25, 11.05, 17.275]},
			"faces": {
				"north": {"uv": [9.79688, 11.5, 14.17188, 13.5], "texture": "#1"},
				"east": {"uv": [7, 10.90625, 7.1, 12.90625], "texture": "#1", "cullface": "up"},
				"west": {"uv": [12.25, 12.84375, 12.53125, 12.84375], "texture": "#1"},
				"up": {"uv": [14.38438, 11.27188, 9.50938, 11.17188], "rotation": 180, "texture": "#0"}
			}
		},
		{
			"name": "px",
			"from": [1.7, 9.675, 10.925],
			"to": [6.425, 11.05, 11.025],
			"rotation": {"angle": 0, "axis": "y", "origin": [12.25, 11.05, 17.075]},
			"faces": {
				"north": {"uv": [9.79688, 11.5, 14.17188, 13.5], "texture": "#1"},
				"east": {"uv": [7, 10.90625, 7.1, 12.90625], "texture": "#1", "cullface": "up"},
				"west": {"uv": [12.25, 12.84375, 12.53125, 12.84375], "texture": "#1"},
				"up": {"uv": [14.30938, 11.07188, 9.55937, 10.97188], "rotation": 180, "texture": "#0"}
			}
		},
		{
			"name": "px",
			"from": [1.675, 9.675, 11.025],
			"to": [6.45, 11.05, 11.125],
			"rotation": {"angle": 0, "axis": "y", "origin": [12.25, 11.05, 17.175]},
			"faces": {
				"north": {"uv": [9.79688, 11.5, 14.17188, 13.5], "texture": "#1"},
				"east": {"uv": [7, 10.90625, 7.1, 12.90625], "texture": "#1", "cullface": "up"},
				"west": {"uv": [12.25, 12.84375, 12.53125, 12.84375], "texture": "#1"},
				"up": {"uv": [14.33438, 11.17188, 9.53438, 11.07188], "rotation": 180, "texture": "#0"}
			}
		},
		{
			"name": "px",
			"from": [1.75, 9.675, 10.825],
			"to": [6.4, 11.05, 10.925],
			"rotation": {"angle": 0, "axis": "y", "origin": [12.25, 11.05, 16.975]},
			"faces": {
				"north": {"uv": [9.79688, 11.5, 14.17188, 13.5], "texture": "#1"},
				"east": {"uv": [7, 10.90625, 7.1, 12.90625], "texture": "#1", "cullface": "up"},
				"west": {"uv": [12.25, 12.84375, 12.53125, 12.84375], "texture": "#1"},
				"up": {"uv": [14.28438, 10.97188, 9.60938, 10.87188], "rotation": 180, "texture": "#0"}
			}
		},
		{
			"name": "px",
			"from": [1.8, 9.675, 10.725],
			"to": [6.35, 11.05, 10.825],
			"rotation": {"angle": 0, "axis": "y", "origin": [12.25, 11.05, 16.875]},
			"faces": {
				"north": {"uv": [9.79688, 11.5, 14.17188, 13.5], "texture": "#1"},
				"east": {"uv": [7, 10.90625, 7.1, 12.90625], "texture": "#1", "cullface": "up"},
				"west": {"uv": [12.25, 12.84375, 12.53125, 12.84375], "texture": "#1"},
				"up": {"uv": [14.23438, 10.87188, 9.65938, 10.77188], "rotation": 180, "texture": "#0"}
			}
		},
		{
			"name": "px",
			"from": [1.85, 9.675, 10.625],
			"to": [6.3, 11.05, 10.725],
			"rotation": {"angle": 0, "axis": "y", "origin": [12.25, 11.05, 16.775]},
			"faces": {
				"north": {"uv": [9.79688, 11.5, 14.17188, 13.5], "texture": "#1"},
				"east": {"uv": [7, 10.90625, 7.1, 12.90625], "texture": "#1", "cullface": "up"},
				"west": {"uv": [12.25, 12.84375, 12.53125, 12.84375], "texture": "#1"},
				"up": {"uv": [14.18438, 10.77188, 9.70938, 10.67188], "rotation": 180, "texture": "#0"}
			}
		},
		{
			"name": "px",
			"from": [1.9, 9.675, 10.525],
			"to": [6.25, 11.05, 10.625],
			"rotation": {"angle": 0, "axis": "y", "origin": [12.25, 11.05, 16.675]},
			"faces": {
				"north": {"uv": [9.79688, 11.5, 14.17188, 13.5], "texture": "#1"},
				"east": {"uv": [7, 10.90625, 7.1, 12.90625], "texture": "#1", "cullface": "up"},
				"west": {"uv": [12.25, 12.84375, 12.53125, 12.84375], "texture": "#1"},
				"up": {"uv": [14.13438, 10.67188, 9.75938, 10.57188], "rotation": 180, "texture": "#0"}
			}
		},
		{
			"name": "px",
			"from": [1.95, 9.675, 10.425],
			"to": [6.2, 11.05, 10.525],
			"rotation": {"angle": 0, "axis": "y", "origin": [12.25, 11.05, 16.575]},
			"faces": {
				"north": {"uv": [9.79688, 11.5, 14.17188, 13.5], "texture": "#1"},
				"east": {"uv": [7, 10.90625, 7.1, 12.90625], "texture": "#1", "cullface": "up"},
				"west": {"uv": [12.25, 12.84375, 12.53125, 12.84375], "texture": "#1"},
				"up": {"uv": [14.08438, 10.57188, 9.80937, 10.47188], "rotation": 180, "texture": "#0"}
			}
		},
		{
			"name": "px",
			"from": [2.025, 9.675, 10.325],
			"to": [6.125, 11.05, 10.425],
			"rotation": {"angle": 0, "axis": "y", "origin": [12.25, 11.05, 16.475]},
			"faces": {
				"north": {"uv": [9.79688, 11.5, 14.17188, 13.5], "texture": "#1"},
				"east": {"uv": [7, 10.90625, 7.1, 12.90625], "texture": "#1", "cullface": "up"},
				"west": {"uv": [12.25, 12.84375, 12.53125, 12.84375], "texture": "#1"},
				"up": {"uv": [14.00938, 10.47188, 9.88438, 10.37187], "rotation": 180, "texture": "#0"}
			}
		},
		{
			"name": "px",
			"from": [2.1, 9.675, 10.225],
			"to": [6.05, 11.05, 10.325],
			"rotation": {"angle": 0, "axis": "y", "origin": [12.25, 11.05, 16.375]},
			"faces": {
				"north": {"uv": [9.79688, 11.5, 14.17188, 13.5], "texture": "#1"},
				"east": {"uv": [7, 10.90625, 7.1, 12.90625], "texture": "#1", "cullface": "up"},
				"west": {"uv": [12.25, 12.84375, 12.53125, 12.84375], "texture": "#1"},
				"up": {"uv": [13.93438, 10.37187, 9.95938, 10.27188], "rotation": 180, "texture": "#0"}
			}
		},
		{
			"name": "px",
			"from": [2.175, 9.675, 10.125],
			"to": [5.975, 11.05, 10.225],
			"rotation": {"angle": 0, "axis": "y", "origin": [12.25, 11.05, 16.275]},
			"faces": {
				"north": {"uv": [9.79688, 11.5, 14.17188, 13.5], "texture": "#1"},
				"east": {"uv": [7, 10.90625, 7.1, 12.90625], "texture": "#1", "cullface": "up"},
				"west": {"uv": [12.25, 12.84375, 12.53125, 12.84375], "texture": "#1"},
				"up": {"uv": [13.85938, 10.27188, 10.03438, 10.17188], "rotation": 180, "texture": "#0"}
			}
		},
		{
			"name": "px",
			"from": [2.225, 9.675, 10.025],
			"to": [5.875, 11.05, 10.125],
			"rotation": {"angle": 0, "axis": "y", "origin": [12.275, 11.05, 16.175]},
			"faces": {
				"north": {"uv": [9.79688, 11.5, 14.17188, 13.5], "texture": "#1"},
				"east": {"uv": [7, 10.90625, 7.1, 12.90625], "texture": "#1", "cullface": "up"},
				"west": {"uv": [12.25, 12.84375, 12.53125, 12.84375], "texture": "#1"},
				"up": {"uv": [13.75938, 10.17188, 10.08438, 10.07188], "rotation": 180, "texture": "#0"}
			}
		},
		{
			"name": "px",
			"from": [2.475, 9.675, 9.825],
			"to": [5.65, 11.05, 9.925],
			"rotation": {"angle": 0, "axis": "y", "origin": [12.05, 11.05, 16.175]},
			"faces": {
				"north": {"uv": [9.79688, 11.5, 14.17188, 13.5], "texture": "#1"},
				"east": {"uv": [7, 10.90625, 7.1, 12.90625], "texture": "#1", "cullface": "up"},
				"west": {"uv": [12.25, 12.84375, 12.53125, 12.84375], "texture": "#1"},
				"up": {"uv": [13.53438, 9.97188, 10.33438, 9.87187], "rotation": 180, "texture": "#0"}
			}
		},
		{
			"name": "px",
			"from": [2.35, 9.675, 9.925],
			"to": [5.775, 11.05, 10.025],
			"rotation": {"angle": 0, "axis": "y", "origin": [12.175, 11.05, 16.175]},
			"faces": {
				"north": {"uv": [9.79688, 11.5, 14.17188, 13.5], "texture": "#1"},
				"east": {"uv": [7, 10.90625, 7.1, 12.90625], "texture": "#1", "cullface": "up"},
				"west": {"uv": [12.25, 12.84375, 12.53125, 12.84375], "texture": "#1"},
				"up": {"uv": [13.65938, 10.07188, 10.20938, 9.97188], "rotation": 180, "texture": "#0"}
			}
		},
		{
			"name": "px",
			"from": [2.575, 9.675, 9.725],
			"to": [5.5, 11.05, 9.825],
			"rotation": {"angle": 0, "axis": "y", "origin": [11.9, 11.05, 16.175]},
			"faces": {
				"north": {"uv": [9.79688, 11.5, 14.17188, 13.5], "texture": "#1"},
				"east": {"uv": [7, 10.90625, 7.1, 12.90625], "texture": "#1", "cullface": "up"},
				"west": {"uv": [12.25, 12.84375, 12.53125, 12.84375], "texture": "#1"},
				"up": {"uv": [13.38438, 9.87187, 10.43437, 9.77188], "rotation": 180, "texture": "#0"}
			}
		},
		{
			"name": "px",
			"from": [2.7, 9.675, 9.625],
			"to": [5.375, 11.05, 9.725],
			"rotation": {"angle": 0, "axis": "y", "origin": [12.025, 11.05, 16.175]},
			"faces": {
				"north": {"uv": [9.79688, 11.5, 14.17188, 13.5], "texture": "#1"},
				"east": {"uv": [7, 10.90625, 7.1, 12.90625], "texture": "#1", "cullface": "up"},
				"west": {"uv": [12.25, 12.84375, 12.53125, 12.84375], "texture": "#1"},
				"up": {"uv": [13.25938, 9.77188, 10.55938, 9.67188], "rotation": 180, "texture": "#0"}
			}
		},
		{
			"name": "px",
			"from": [2.95, 9.675, 9.525],
			"to": [5.15, 11.05, 9.625],
			"rotation": {"angle": 0, "axis": "y", "origin": [12.025, 11.05, 16.175]},
			"faces": {
				"north": {"uv": [9.79688, 11.5, 14.17188, 13.5], "texture": "#1"},
				"east": {"uv": [7, 10.90625, 7.1, 12.90625], "texture": "#1", "cullface": "up"},
				"west": {"uv": [12.25, 12.84375, 12.53125, 12.84375], "texture": "#1"},
				"up": {"uv": [13.03438, 9.67188, 10.80938, 9.57188], "rotation": 180, "texture": "#0"}
			}
		},
		{
			"name": "px",
			"from": [3.2, 9.675, 9.45],
			"to": [4.925, 11.05, 9.525],
			"rotation": {"angle": 0, "axis": "y", "origin": [12.025, 11.05, 16.175]},
			"faces": {
				"north": {"uv": [9.79688, 11.5, 14.17188, 13.5], "texture": "#1"},
				"east": {"uv": [7, 10.90625, 7.075, 12.90625], "texture": "#1", "cullface": "up"},
				"west": {"uv": [12.25, 12.84375, 12.53125, 12.84375], "texture": "#1"},
				"up": {"uv": [12.80938, 9.57188, 11.05938, 9.49687], "rotation": 180, "texture": "#0"}
			}
		},
		{
			"name": "px",
			"from": [3.45, 9.675, 9.375],
			"to": [4.625, 11.05, 9.45],
			"rotation": {"angle": 0, "axis": "y", "origin": [12.025, 11.05, 16.2]},
			"faces": {
				"north": {"uv": [9.79688, 11.5, 14.17188, 13.5], "texture": "#1"},
				"east": {"uv": [7, 10.90625, 7.075, 12.90625], "texture": "#1", "cullface": "up"},
				"west": {"uv": [12.25, 12.84375, 12.53125, 12.84375], "texture": "#1"},
				"up": {"uv": [12.50938, 9.49687, 11.30938, 9.42188], "rotation": 180, "texture": "#0"}
			}
		},
		{
			"name": "px",
			"from": [9.325, 9.675, 3.775],
			"to": [14.4, 11.05, 4.1],
			"rotation": {"angle": 0, "axis": "y", "origin": [3.625, 11.05, -2.05]},
			"faces": {
				"north": {"uv": [9.79688, 11.5, 14.17188, 13.5], "texture": "#1", "cullface": "up"},
				"east": {"uv": [7, 10.90625, 7.275, 12.90625], "texture": "#1", "cullface": "up"},
				"west": {"uv": [12.25, 12.84375, 12.53125, 12.84375], "texture": "#1"},
				"up": {"uv": [9.35938, 11.84688, 14.43438, 12.12188], "texture": "#0"}
			}
		},
		{
			"name": "px",
			"from": [9.325, 9.675, 4.1],
			"to": [14.4, 11.05, 4.3],
			"rotation": {"angle": 0, "axis": "y", "origin": [3.625, 11.05, -1.95]},
			"faces": {
				"east": {"uv": [7, 10.90625, 7.2, 12.90625], "texture": "#1", "cullface": "up"},
				"south": {"uv": [2.09375, 12.25, 7.17188, 14.25], "texture": "#1"},
				"west": {"uv": [12.25, 12.84375, 12.53125, 12.84375], "texture": "#1"},
				"up": {"uv": [9.35938, 12.12188, 14.43438, 12.32188], "texture": "#0"}
			}
		},
		{
			"name": "px",
			"from": [9.35, 9.675, 4.3],
			"to": [14.375, 11.05, 4.425],
			"rotation": {"angle": 0, "axis": "y", "origin": [3.625, 11.05, -1.75]},
			"faces": {
				"east": {"uv": [7, 10.90625, 7.125, 12.90625], "texture": "#1", "cullface": "up"},
				"south": {"uv": [2.09375, 12.25, 7.17188, 14.25], "texture": "#1"},
				"west": {"uv": [12.25, 12.84375, 12.53125, 12.84375], "texture": "#1"},
				"up": {"uv": [9.38438, 12.32188, 14.40938, 12.44688], "texture": "#0"}
			}
		},
		{
			"name": "px",
			"from": [9.4, 9.675, 4.525],
			"to": [14.325, 11.05, 4.625],
			"rotation": {"angle": 0, "axis": "y", "origin": [3.625, 11.05, -1.525]},
			"faces": {
				"east": {"uv": [7, 10.90625, 7.1, 12.90625], "texture": "#1", "cullface": "up"},
				"south": {"uv": [2.09375, 12.25, 7.17188, 14.25], "texture": "#1"},
				"west": {"uv": [12.25, 12.84375, 12.53125, 12.84375], "texture": "#1"},
				"up": {"uv": [9.43437, 12.54688, 14.35938, 12.64688], "texture": "#0"}
			}
		},
		{
			"name": "px",
			"from": [9.375, 9.675, 4.425],
			"to": [14.35, 11.05, 4.525],
			"rotation": {"angle": 0, "axis": "y", "origin": [3.625, 11.05, -1.625]},
			"faces": {
				"east": {"uv": [7, 10.90625, 7.1, 12.90625], "texture": "#1", "cullface": "up"},
				"south": {"uv": [2.09375, 12.25, 7.17188, 14.25], "texture": "#1"},
				"west": {"uv": [12.25, 12.84375, 12.53125, 12.84375], "texture": "#1"},
				"up": {"uv": [9.40938, 12.44688, 14.38438, 12.54688], "texture": "#0"}
			}
		},
		{
			"name": "px",
			"from": [9.425, 9.675, 4.625],
			"to": [14.3, 11.05, 4.725],
			"rotation": {"angle": 0, "axis": "y", "origin": [3.625, 11.05, -1.425]},
			"faces": {
				"east": {"uv": [7, 10.90625, 7.1, 12.90625], "texture": "#1", "cullface": "up"},
				"south": {"uv": [2.09375, 12.25, 7.17188, 14.25], "texture": "#1"},
				"west": {"uv": [12.25, 12.84375, 12.53125, 12.84375], "texture": "#1"},
				"up": {"uv": [9.45938, 12.64688, 14.33438, 12.74688], "texture": "#0"}
			}
		},
		{
			"name": "px",
			"from": [9.5, 9.675, 4.825],
			"to": [14.25, 11.05, 4.925],
			"rotation": {"angle": 0, "axis": "y", "origin": [3.625, 11.05, -1.225]},
			"faces": {
				"east": {"uv": [7, 10.90625, 7.1, 12.90625], "texture": "#1", "cullface": "up"},
				"south": {"uv": [2.09375, 12.25, 7.17188, 14.25], "texture": "#1"},
				"west": {"uv": [12.25, 12.84375, 12.53125, 12.84375], "texture": "#1"},
				"up": {"uv": [9.53438, 12.84688, 14.28438, 12.94688], "texture": "#0"}
			}
		},
		{
			"name": "px",
			"from": [9.475, 9.675, 4.725],
			"to": [14.275, 11.05, 4.825],
			"rotation": {"angle": 0, "axis": "y", "origin": [3.625, 11.05, -1.325]},
			"faces": {
				"east": {"uv": [7, 10.90625, 7.1, 12.90625], "texture": "#1", "cullface": "up"},
				"south": {"uv": [2.09375, 12.25, 7.17188, 14.25], "texture": "#1"},
				"west": {"uv": [12.25, 12.84375, 12.53125, 12.84375], "texture": "#1"},
				"up": {"uv": [9.50938, 12.74688, 14.30938, 12.84688], "texture": "#0"}
			}
		},
		{
			"name": "px",
			"from": [9.525, 9.675, 4.925],
			"to": [14.2, 11.05, 5.025],
			"rotation": {"angle": 0, "axis": "y", "origin": [3.625, 11.05, -1.125]},
			"faces": {
				"east": {"uv": [7, 10.90625, 7.1, 12.90625], "texture": "#1", "cullface": "up"},
				"south": {"uv": [2.09375, 12.25, 7.17188, 14.25], "texture": "#1"},
				"west": {"uv": [12.25, 12.84375, 12.53125, 12.84375], "texture": "#1"},
				"up": {"uv": [9.55937, 12.94688, 14.23438, 13.04688], "texture": "#0"}
			}
		},
		{
			"name": "px",
			"from": [9.575, 9.675, 5.025],
			"to": [14.15, 11.05, 5.125],
			"rotation": {"angle": 0, "axis": "y", "origin": [3.625, 11.05, -1.025]},
			"faces": {
				"east": {"uv": [7, 10.90625, 7.1, 12.90625], "texture": "#1", "cullface": "up"},
				"south": {"uv": [2.09375, 12.25, 7.17188, 14.25], "texture": "#1"},
				"west": {"uv": [12.25, 12.84375, 12.53125, 12.84375], "texture": "#1"},
				"up": {"uv": [9.60938, 13.04688, 14.18438, 13.14688], "texture": "#0"}
			}
		},
		{
			"name": "px",
			"from": [9.625, 9.675, 5.125],
			"to": [14.1, 11.05, 5.225],
			"rotation": {"angle": 0, "axis": "y", "origin": [3.625, 11.05, -0.925]},
			"faces": {
				"east": {"uv": [7, 10.90625, 7.1, 12.90625], "texture": "#1", "cullface": "up"},
				"south": {"uv": [2.09375, 12.25, 7.17188, 14.25], "texture": "#1"},
				"west": {"uv": [12.25, 12.84375, 12.53125, 12.84375], "texture": "#1"},
				"up": {"uv": [9.65938, 13.14688, 14.13438, 13.24688], "texture": "#0"}
			}
		},
		{
			"name": "px",
			"from": [9.675, 9.675, 5.225],
			"to": [14.05, 11.05, 5.325],
			"rotation": {"angle": 0, "axis": "y", "origin": [3.625, 11.05, -0.825]},
			"faces": {
				"east": {"uv": [7, 10.90625, 7.1, 12.90625], "texture": "#1", "cullface": "up"},
				"south": {"uv": [3.15625, 13.34375, 7.53125, 13.34375], "texture": "#1"},
				"west": {"uv": [12.25, 12.84375, 12.53125, 12.84375], "texture": "#1"},
				"up": {"uv": [9.70938, 13.24688, 14.08438, 13.34688], "texture": "#0"}
			}
		},
		{
			"name": "px",
			"from": [9.725, 9.675, 5.325],
			"to": [14, 11.05, 5.425],
			"rotation": {"angle": 0, "axis": "y", "origin": [3.625, 11.05, -0.725]},
			"faces": {
				"east": {"uv": [7, 10.90625, 7.1, 12.90625], "texture": "#1", "cullface": "up"},
				"south": {"uv": [2.09375, 12.25, 7.17188, 14.25], "texture": "#1"},
				"west": {"uv": [12.25, 12.84375, 12.53125, 12.84375], "texture": "#1"},
				"up": {"uv": [9.75938, 13.34688, 14.03438, 13.44688], "texture": "#0"}
			}
		},
		{
			"name": "px",
			"from": [9.8, 9.675, 5.425],
			"to": [13.925, 11.05, 5.525],
			"rotation": {"angle": 0, "axis": "y", "origin": [3.625, 11.05, -0.625]},
			"faces": {
				"east": {"uv": [7, 10.90625, 7.1, 12.90625], "texture": "#1", "cullface": "up"},
				"south": {"uv": [2.09375, 12.25, 7.17188, 14.25], "texture": "#1"},
				"west": {"uv": [12.25, 12.84375, 12.53125, 12.84375], "texture": "#1"},
				"up": {"uv": [9.83438, 13.44688, 13.95938, 13.54688], "texture": "#0"}
			}
		},
		{
			"name": "px",
			"from": [9.875, 9.675, 5.525],
			"to": [13.85, 11.05, 5.625],
			"rotation": {"angle": 0, "axis": "y", "origin": [3.625, 11.05, -0.525]},
			"faces": {
				"east": {"uv": [7, 10.90625, 7.1, 12.90625], "texture": "#1", "cullface": "up"},
				"south": {"uv": [2.09375, 12.25, 7.17188, 14.25], "texture": "#1"},
				"west": {"uv": [12.25, 12.84375, 12.53125, 12.84375], "texture": "#1"},
				"up": {"uv": [9.90938, 13.54688, 13.88438, 13.64688], "texture": "#0"}
			}
		},
		{
			"name": "px",
			"from": [9.95, 9.675, 5.625],
			"to": [13.775, 11.05, 5.725],
			"rotation": {"angle": 0, "axis": "y", "origin": [3.625, 11.05, -0.425]},
			"faces": {
				"east": {"uv": [7, 10.90625, 7.1, 12.90625], "texture": "#1", "cullface": "up"},
				"south": {"uv": [2.09375, 12.25, 7.17188, 14.25], "texture": "#1"},
				"west": {"uv": [12.25, 12.84375, 12.53125, 12.84375], "texture": "#1"},
				"up": {"uv": [9.98438, 13.64688, 13.80938, 13.74688], "texture": "#0"}
			}
		},
		{
			"name": "px",
			"from": [10.05, 9.675, 5.725],
			"to": [13.725, 11.05, 5.825],
			"rotation": {"angle": 0, "axis": "y", "origin": [3.6, 11.05, -0.325]},
			"faces": {
				"east": {"uv": [7, 10.90625, 7.1, 12.90625], "texture": "#1", "cullface": "up"},
				"south": {"uv": [2.09375, 12.25, 7.17188, 14.25], "texture": "#1"},
				"west": {"uv": [12.25, 12.84375, 12.53125, 12.84375], "texture": "#1"},
				"up": {"uv": [10.08438, 13.74688, 13.75938, 13.84688], "texture": "#0"}
			}
		},
		{
			"name": "px",
			"from": [10.275, 9.675, 5.925],
			"to": [13.475, 11.05, 6.025],
			"rotation": {"angle": 0, "axis": "y", "origin": [3.825, 11.05, -0.325]},
			"faces": {
				"east": {"uv": [7, 10.90625, 7.1, 12.90625], "texture": "#1", "cullface": "up"},
				"south": {"uv": [2.09375, 12.25, 7.17188, 14.25], "texture": "#1"},
				"west": {"uv": [12.25, 12.84375, 12.53125, 12.84375], "texture": "#1"},
				"up": {"uv": [10.30937, 13.94688, 13.50938, 14.04688], "texture": "#0"}
			}
		},
		{
			"name": "px",
			"from": [10.15, 9.675, 5.825],
			"to": [13.6, 11.05, 5.925],
			"rotation": {"angle": 0, "axis": "y", "origin": [3.7, 11.05, -0.325]},
			"faces": {
				"east": {"uv": [7, 10.90625, 7.1, 12.90625], "texture": "#1", "cullface": "up"},
				"south": {"uv": [2.09375, 12.25, 7.17188, 14.25], "texture": "#1"},
				"west": {"uv": [12.25, 12.84375, 12.53125, 12.84375], "texture": "#1"},
				"up": {"uv": [10.18437, 13.84688, 13.63438, 13.94688], "texture": "#0"}
			}
		},
		{
			"name": "px",
			"from": [10.425, 9.675, 6.025],
			"to": [13.375, 11.05, 6.125],
			"rotation": {"angle": 0, "axis": "y", "origin": [3.975, 11.05, -0.325]},
			"faces": {
				"east": {"uv": [7, 10.90625, 7.1, 12.90625], "texture": "#1", "cullface": "up"},
				"south": {"uv": [2.09375, 12.25, 7.17188, 14.25], "texture": "#1"},
				"west": {"uv": [12.25, 12.84375, 12.53125, 12.84375], "texture": "#1"},
				"up": {"uv": [10.45938, 14.04688, 13.40938, 14.14688], "texture": "#0"}
			}
		},
		{
			"name": "px",
			"from": [10.55, 9.675, 6.125],
			"to": [13.25, 11.05, 6.225],
			"rotation": {"angle": 0, "axis": "y", "origin": [3.85, 11.05, -0.325]},
			"faces": {
				"east": {"uv": [7, 10.90625, 7.1, 12.90625], "texture": "#1", "cullface": "up"},
				"south": {"uv": [2.09375, 12.25, 7.17188, 14.25], "texture": "#1"},
				"west": {"uv": [12.25, 12.84375, 12.53125, 12.84375], "texture": "#1"},
				"up": {"uv": [10.58438, 14.14688, 13.28438, 14.24688], "texture": "#0"}
			}
		},
		{
			"name": "px",
			"from": [10.775, 9.675, 6.225],
			"to": [13, 11.05, 6.325],
			"rotation": {"angle": 0, "axis": "y", "origin": [3.85, 11.05, -0.325]},
			"faces": {
				"east": {"uv": [7, 10.90625, 7.1, 12.90625], "texture": "#1", "cullface": "up"},
				"south": {"uv": [2.09375, 12.25, 7.17188, 14.25], "texture": "#1"},
				"west": {"uv": [12.25, 12.84375, 12.53125, 12.84375], "texture": "#1"},
				"up": {"uv": [10.80938, 14.24688, 13.03438, 14.34688], "texture": "#0"}
			}
		},
		{
			"name": "px",
			"from": [11, 9.675, 6.325],
			"to": [12.75, 11.05, 6.4],
			"rotation": {"angle": 0, "axis": "y", "origin": [3.85, 11.05, -0.325]},
			"faces": {
				"east": {"uv": [7, 10.90625, 7.075, 12.90625], "texture": "#1", "cullface": "up"},
				"south": {"uv": [2.09375, 12.25, 7.17188, 14.25], "texture": "#1"},
				"west": {"uv": [12.25, 12.84375, 12.53125, 12.84375], "texture": "#1"},
				"up": {"uv": [11.03438, 14.34688, 12.78438, 14.42188], "texture": "#0"}
			}
		},
		{
			"name": "px",
			"from": [11.3, 9.675, 6.4],
			"to": [12.5, 11.05, 6.475],
			"rotation": {"angle": 0, "axis": "y", "origin": [3.85, 11.05, -0.35]},
			"faces": {
				"east": {"uv": [7, 10.90625, 7.075, 12.90625], "texture": "#1", "cullface": "up"},
				"south": {"uv": [2.09375, 12.25, 7.17188, 14.25], "texture": "#1"},
				"west": {"uv": [12.25, 12.84375, 12.53125, 12.84375], "texture": "#1"},
				"up": {"uv": [11.33438, 14.42188, 12.53438, 14.49688], "texture": "#0"}
			}
		},
		{
			"name": "px",
			"from": [9.375, 9.675, 3.575],
			"to": [14.425, 11.05, 3.775],
			"rotation": {"angle": 0, "axis": "y", "origin": [20.075, 11.05, 9.825]},
			"faces": {
				"north": {"uv": [9.79688, 11.5, 14.17188, 13.5], "texture": "#1"},
				"east": {"uv": [7, 10.90625, 7.2, 12.90625], "texture": "#1", "cullface": "up"},
				"south": {"uv": [3.45313, 4.04688, 12, 7.04688], "texture": "#1", "cullface": "up"},
				"west": {"uv": [12.25, 12.84375, 12.53125, 12.84375], "texture": "#1"},
				"up": {"uv": [14.48438, 11.79688, 9.40938, 11.59688], "rotation": 180, "texture": "#0"}
			}
		},
		{
			"name": "px",
			"from": [9.4, 9.675, 3.45],
			"to": [14.4, 11.05, 3.575],
			"rotation": {"angle": 0, "axis": "y", "origin": [20.075, 11.05, 9.625]},
			"faces": {
				"north": {"uv": [9.79688, 11.5, 14.17188, 13.5], "texture": "#1"},
				"east": {"uv": [7, 10.90625, 7.125, 12.90625], "texture": "#1", "cullface": "up"},
				"west": {"uv": [12.25, 12.84375, 12.53125, 12.84375], "texture": "#1"},
				"up": {"uv": [14.45938, 11.59688, 9.43437, 11.47188], "rotation": 180, "texture": "#0"}
			}
		},
		{
			"name": "px",
			"from": [9.45, 9.675, 3.25],
			"to": [14.35, 11.05, 3.35],
			"rotation": {"angle": 0, "axis": "y", "origin": [20.075, 11.05, 9.4]},
			"faces": {
				"north": {"uv": [9.79688, 11.5, 14.17188, 13.5], "texture": "#1"},
				"east": {"uv": [7, 10.90625, 7.1, 12.90625], "texture": "#1", "cullface": "up"},
				"west": {"uv": [12.25, 12.84375, 12.53125, 12.84375], "texture": "#1"},
				"up": {"uv": [14.40938, 11.37188, 9.48438, 11.27188], "rotation": 180, "texture": "#0"}
			}
		},
		{
			"name": "px",
			"from": [9.425, 9.675, 3.35],
			"to": [14.375, 11.05, 3.45],
			"rotation": {"angle": 0, "axis": "y", "origin": [20.075, 11.05, 9.5]},
			"faces": {
				"north": {"uv": [9.79688, 11.5, 14.17188, 13.5], "texture": "#1"},
				"east": {"uv": [7, 10.90625, 7.1, 12.90625], "texture": "#1", "cullface": "up"},
				"west": {"uv": [12.25, 12.84375, 12.53125, 12.84375], "texture": "#1"},
				"up": {"uv": [14.43438, 11.47188, 9.45938, 11.37188], "rotation": 180, "texture": "#0"}
			}
		},
		{
			"name": "px",
			"from": [9.475, 9.675, 3.15],
			"to": [14.325, 11.05, 3.25],
			"rotation": {"angle": 0, "axis": "y", "origin": [20.075, 11.05, 9.3]},
			"faces": {
				"north": {"uv": [9.79688, 11.5, 14.17188, 13.5], "texture": "#1"},
				"east": {"uv": [7, 10.90625, 7.1, 12.90625], "texture": "#1", "cullface": "up"},
				"west": {"uv": [12.25, 12.84375, 12.53125, 12.84375], "texture": "#1"},
				"up": {"uv": [14.38438, 11.27188, 9.50938, 11.17188], "rotation": 180, "texture": "#0"}
			}
		},
		{
			"name": "px",
			"from": [9.525, 9.675, 2.95],
			"to": [14.25, 11.05, 3.05],
			"rotation": {"angle": 0, "axis": "y", "origin": [20.075, 11.05, 9.1]},
			"faces": {
				"north": {"uv": [9.79688, 11.5, 14.17188, 13.5], "texture": "#1"},
				"east": {"uv": [7, 10.90625, 7.1, 12.90625], "texture": "#1", "cullface": "up"},
				"west": {"uv": [12.25, 12.84375, 12.53125, 12.84375], "texture": "#1"},
				"up": {"uv": [14.30938, 11.07188, 9.55937, 10.97188], "rotation": 180, "texture": "#0"}
			}
		},
		{
			"name": "px",
			"from": [9.5, 9.675, 3.05],
			"to": [14.275, 11.05, 3.15],
			"rotation": {"angle": 0, "axis": "y", "origin": [20.075, 11.05, 9.2]},
			"faces": {
				"north": {"uv": [9.79688, 11.5, 14.17188, 13.5], "texture": "#1"},
				"east": {"uv": [7, 10.90625, 7.1, 12.90625], "texture": "#1", "cullface": "up"},
				"west": {"uv": [12.25, 12.84375, 12.53125, 12.84375], "texture": "#1"},
				"up": {"uv": [14.33438, 11.17188, 9.53438, 11.07188], "rotation": 180, "texture": "#0"}
			}
		},
		{
			"name": "px",
			"from": [9.575, 9.675, 2.85],
			"to": [14.225, 11.05, 2.95],
			"rotation": {"angle": 0, "axis": "y", "origin": [20.075, 11.05, 9]},
			"faces": {
				"north": {"uv": [9.79688, 11.5, 14.17188, 13.5], "texture": "#1"},
				"east": {"uv": [7, 10.90625, 7.1, 12.90625], "texture": "#1", "cullface": "up"},
				"west": {"uv": [12.25, 12.84375, 12.53125, 12.84375], "texture": "#1"},
				"up": {"uv": [14.28438, 10.97188, 9.60938, 10.87188], "rotation": 180, "texture": "#0"}
			}
		},
		{
			"name": "px",
			"from": [9.625, 9.675, 2.75],
			"to": [14.175, 11.05, 2.85],
			"rotation": {"angle": 0, "axis": "y", "origin": [20.075, 11.05, 8.9]},
			"faces": {
				"north": {"uv": [9.79688, 11.5, 14.17188, 13.5], "texture": "#1"},
				"east": {"uv": [7, 10.90625, 7.1, 12.90625], "texture": "#1", "cullface": "up"},
				"west": {"uv": [12.25, 12.84375, 12.53125, 12.84375], "texture": "#1"},
				"up": {"uv": [14.23438, 10.87188, 9.65938, 10.77188], "rotation": 180, "texture": "#0"}
			}
		},
		{
			"name": "px",
			"from": [9.675, 9.675, 2.65],
			"to": [14.125, 11.05, 2.75],
			"rotation": {"angle": 0, "axis": "y", "origin": [20.075, 11.05, 8.8]},
			"faces": {
				"north": {"uv": [9.79688, 11.5, 14.17188, 13.5], "texture": "#1"},
				"east": {"uv": [7, 10.90625, 7.1, 12.90625], "texture": "#1", "cullface": "up"},
				"west": {"uv": [12.25, 12.84375, 12.53125, 12.84375], "texture": "#1"},
				"up": {"uv": [14.18438, 10.77188, 9.70938, 10.67188], "rotation": 180, "texture": "#0"}
			}
		},
		{
			"name": "px",
			"from": [9.725, 9.675, 2.55],
			"to": [14.075, 11.05, 2.65],
			"rotation": {"angle": 0, "axis": "y", "origin": [20.075, 11.05, 8.7]},
			"faces": {
				"north": {"uv": [9.79688, 11.5, 14.17188, 13.5], "texture": "#1"},
				"east": {"uv": [7, 10.90625, 7.1, 12.90625], "texture": "#1", "cullface": "up"},
				"west": {"uv": [12.25, 12.84375, 12.53125, 12.84375], "texture": "#1"},
				"up": {"uv": [14.13438, 10.67188, 9.75938, 10.57188], "rotation": 180, "texture": "#0"}
			}
		},
		{
			"name": "px",
			"from": [9.775, 9.675, 2.45],
			"to": [14.025, 11.05, 2.55],
			"rotation": {"angle": 0, "axis": "y", "origin": [20.075, 11.05, 8.6]},
			"faces": {
				"north": {"uv": [9.79688, 11.5, 14.17188, 13.5], "texture": "#1"},
				"east": {"uv": [7, 10.90625, 7.1, 12.90625], "texture": "#1"},
				"west": {"uv": [12.25, 12.84375, 12.53125, 12.84375], "texture": "#1"},
				"up": {"uv": [14.08438, 10.57188, 9.80937, 10.47188], "rotation": 180, "texture": "#0"}
			}
		},
		{
			"name": "px",
			"from": [9.85, 9.675, 2.35],
			"to": [13.95, 11.05, 2.45],
			"rotation": {"angle": 0, "axis": "y", "origin": [20.075, 11.05, 8.5]},
			"faces": {
				"north": {"uv": [9.79688, 11.5, 14.17188, 13.5], "texture": "#1"},
				"east": {"uv": [7, 10.90625, 7.1, 12.90625], "texture": "#1"},
				"west": {"uv": [12.25, 12.84375, 12.53125, 12.84375], "texture": "#1"},
				"up": {"uv": [14.00938, 10.47188, 9.88438, 10.37187], "rotation": 180, "texture": "#0"}
			}
		},
		{
			"name": "px",
			"from": [9.925, 9.675, 2.25],
			"to": [13.875, 11.05, 2.35],
			"rotation": {"angle": 0, "axis": "y", "origin": [20.075, 11.05, 8.4]},
			"faces": {
				"north": {"uv": [9.79688, 11.5, 14.17188, 13.5], "texture": "#1"},
				"east": {"uv": [7, 10.90625, 7.1, 12.90625], "texture": "#1"},
				"west": {"uv": [12.25, 12.84375, 12.53125, 12.84375], "texture": "#1"},
				"up": {"uv": [13.93438, 10.37187, 9.95938, 10.27188], "rotation": 180, "texture": "#0"}
			}
		},
		{
			"name": "px",
			"from": [10, 9.675, 2.15],
			"to": [13.8, 11.05, 2.25],
			"rotation": {"angle": 0, "axis": "y", "origin": [20.075, 11.05, 8.3]},
			"faces": {
				"north": {"uv": [9.79688, 11.5, 14.17188, 13.5], "texture": "#1"},
				"east": {"uv": [7, 10.90625, 7.1, 12.90625], "texture": "#1"},
				"west": {"uv": [12.25, 12.84375, 12.53125, 12.84375], "texture": "#1"},
				"up": {"uv": [13.85938, 10.27188, 10.03438, 10.17188], "rotation": 180, "texture": "#0"}
			}
		},
		{
			"name": "px",
			"from": [10.05, 9.675, 2.05],
			"to": [13.7, 11.05, 2.15],
			"rotation": {"angle": 0, "axis": "y", "origin": [20.1, 11.05, 8.2]},
			"faces": {
				"north": {"uv": [9.79688, 11.5, 14.17188, 13.5], "texture": "#1"},
				"east": {"uv": [7, 10.90625, 7.1, 12.90625], "texture": "#1"},
				"west": {"uv": [12.25, 12.84375, 12.53125, 12.84375], "texture": "#1"},
				"up": {"uv": [13.75938, 10.17188, 10.08438, 10.07188], "rotation": 180, "texture": "#0"}
			}
		},
		{
			"name": "px",
			"from": [10.3, 9.675, 1.85],
			"to": [13.475, 11.05, 1.95],
			"rotation": {"angle": 0, "axis": "y", "origin": [19.875, 11.05, 8.2]},
			"faces": {
				"north": {"uv": [9.79688, 11.5, 14.17188, 13.5], "texture": "#1"},
				"east": {"uv": [7, 10.90625, 7.1, 12.90625], "texture": "#1", "cullface": "up"},
				"west": {"uv": [12.25, 12.84375, 12.53125, 12.84375], "texture": "#1"},
				"up": {"uv": [13.53438, 9.97188, 10.33438, 9.87187], "rotation": 180, "texture": "#0"}
			}
		},
		{
			"name": "px",
			"from": [10.175, 9.675, 1.95],
			"to": [13.6, 11.05, 2.05],
			"rotation": {"angle": 0, "axis": "y", "origin": [20, 11.05, 8.2]},
			"faces": {
				"north": {"uv": [9.79688, 11.5, 14.17188, 13.5], "texture": "#1"},
				"east": {"uv": [7, 10.90625, 7.1, 12.90625], "texture": "#1", "cullface": "up"},
				"west": {"uv": [12.25, 12.84375, 12.53125, 12.84375], "texture": "#1"},
				"up": {"uv": [13.65938, 10.07188, 10.20938, 9.97188], "rotation": 180, "texture": "#0"}
			}
		},
		{
			"name": "px",
			"from": [10.4, 9.675, 1.75],
			"to": [13.325, 11.05, 1.85],
			"rotation": {"angle": 0, "axis": "y", "origin": [19.725, 11.05, 8.2]},
			"faces": {
				"north": {"uv": [9.79688, 11.5, 14.17188, 13.5], "texture": "#1"},
				"east": {"uv": [7, 10.90625, 7.1, 12.90625], "texture": "#1", "cullface": "up"},
				"west": {"uv": [12.25, 12.84375, 12.53125, 12.84375], "texture": "#1"},
				"up": {"uv": [13.38438, 9.87187, 10.43437, 9.77188], "rotation": 180, "texture": "#0"}
			}
		},
		{
			"name": "px",
			"from": [10.525, 9.675, 1.65],
			"to": [13.2, 11.05, 1.75],
			"rotation": {"angle": 0, "axis": "y", "origin": [19.85, 11.05, 8.2]},
			"faces": {
				"north": {"uv": [9.79688, 11.5, 14.17188, 13.5], "texture": "#1"},
				"east": {"uv": [7, 10.90625, 7.1, 12.90625], "texture": "#1", "cullface": "up"},
				"west": {"uv": [12.25, 12.84375, 12.53125, 12.84375], "texture": "#1"},
				"up": {"uv": [13.25938, 9.77188, 10.55938, 9.67188], "rotation": 180, "texture": "#0"}
			}
		},
		{
			"name": "px",
			"from": [10.775, 9.675, 1.55],
			"to": [12.975, 11.05, 1.65],
			"rotation": {"angle": 0, "axis": "y", "origin": [19.85, 11.05, 8.2]},
			"faces": {
				"north": {"uv": [9.79688, 11.5, 14.17188, 13.5], "texture": "#1"},
				"east": {"uv": [7, 10.90625, 7.1, 12.90625], "texture": "#1", "cullface": "up"},
				"west": {"uv": [12.25, 12.84375, 12.53125, 12.84375], "texture": "#1"},
				"up": {"uv": [13.03438, 9.67188, 10.80938, 9.57188], "rotation": 180, "texture": "#0"}
			}
		},
		{
			"name": "px",
			"from": [11.025, 9.675, 1.475],
			"to": [12.75, 11.05, 1.55],
			"rotation": {"angle": 0, "axis": "y", "origin": [19.85, 11.05, 8.2]},
			"faces": {
				"north": {"uv": [9.79688, 11.5, 14.17188, 13.5], "texture": "#1"},
				"east": {"uv": [7, 10.90625, 7.075, 12.90625], "texture": "#1", "cullface": "up"},
				"west": {"uv": [12.25, 12.84375, 12.53125, 12.84375], "texture": "#1"},
				"up": {"uv": [12.80938, 9.57188, 11.05938, 9.49687], "rotation": 180, "texture": "#0"}
			}
		},
		{
			"name": "px",
			"from": [11.275, 9.675, 1.4],
			"to": [12.45, 11.05, 1.475],
			"rotation": {"angle": 0, "axis": "y", "origin": [19.85, 11.05, 8.225]},
			"faces": {
				"north": {"uv": [9.79688, 11.5, 14.17188, 13.5], "texture": "#1"},
				"east": {"uv": [7, 10.90625, 7.075, 12.90625], "texture": "#1", "cullface": "up"},
				"west": {"uv": [12.25, 12.84375, 12.53125, 12.84375], "texture": "#1"},
				"up": {"uv": [12.50938, 9.49687, 11.30938, 9.42188], "rotation": 180, "texture": "#0"}
			}
		},
		{
			"name": "px",
			"from": [1.5, 9.675, 3.55],
			"to": [6.6, 11.05, 3.75],
			"rotation": {"angle": 0, "axis": "y", "origin": [12.3, 11.05, 9.8]},
			"faces": {
				"north": {"uv": [9.79688, 11.5, 14.17188, 13.5], "texture": "#1"},
				"east": {"uv": [7, 10.90625, 7.2, 12.90625], "texture": "#1", "cullface": "up"},
				"west": {"uv": [12.25, 12.84375, 12.53125, 12.84375], "texture": "#1"},
				"up": {"uv": [6.6, 11.73438, 1.525, 11.53438], "rotation": 180, "texture": "#0"}
			}
		},
		{
			"name": "px",
			"from": [1.525, 9.675, 3.425],
			"to": [6.575, 11.05, 3.55],
			"rotation": {"angle": 0, "axis": "y", "origin": [12.3, 11.05, 9.6]},
			"faces": {
				"north": {"uv": [9.79688, 11.5, 14.17188, 13.5], "texture": "#1"},
				"east": {"uv": [7, 10.90625, 7.125, 12.90625], "texture": "#1", "cullface": "up"},
				"west": {"uv": [12.25, 12.84375, 12.53125, 12.84375], "texture": "#1"},
				"up": {"uv": [6.575, 11.53438, 1.55, 11.40938], "rotation": 180, "texture": "#0"}
			}
		},
		{
			"name": "px",
			"from": [1.575, 9.675, 3.225],
			"to": [6.525, 11.05, 3.325],
			"rotation": {"angle": 0, "axis": "y", "origin": [12.3, 11.05, 9.375]},
			"faces": {
				"north": {"uv": [9.79688, 11.5, 14.17188, 13.5], "texture": "#1"},
				"east": {"uv": [7, 10.90625, 7.1, 12.90625], "texture": "#1", "cullface": "up"},
				"west": {"uv": [12.25, 12.84375, 12.53125, 12.84375], "texture": "#1"},
				"up": {"uv": [6.525, 11.30938, 1.6, 11.20938], "rotation": 180, "texture": "#0"}
			}
		},
		{
			"name": "px",
			"from": [1.55, 9.675, 3.325],
			"to": [6.55, 11.05, 3.425],
			"rotation": {"angle": 0, "axis": "y", "origin": [12.3, 11.05, 9.475]},
			"faces": {
				"north": {"uv": [9.79688, 11.5, 14.17188, 13.5], "texture": "#1"},
				"east": {"uv": [7, 10.90625, 7.1, 12.90625], "texture": "#1", "cullface": "up"},
				"west": {"uv": [12.25, 12.84375, 12.53125, 12.84375], "texture": "#1"},
				"up": {"uv": [6.55, 11.40938, 1.575, 11.30938], "rotation": 180, "texture": "#0"}
			}
		},
		{
			"name": "px",
			"from": [1.6, 9.675, 3.125],
			"to": [6.5, 11.05, 3.225],
			"rotation": {"angle": 0, "axis": "y", "origin": [12.3, 11.05, 9.275]},
			"faces": {
				"north": {"uv": [9.79688, 11.5, 14.17188, 13.5], "texture": "#1"},
				"east": {"uv": [7, 10.90625, 7.1, 12.90625], "texture": "#1", "cullface": "up"},
				"west": {"uv": [12.25, 12.84375, 12.53125, 12.84375], "texture": "#1"},
				"up": {"uv": [6.5, 11.20938, 1.625, 11.10938], "rotation": 180, "texture": "#0"}
			}
		},
		{
			"name": "px",
			"from": [1.65, 9.675, 2.925],
			"to": [6.425, 11.05, 3.025],
			"rotation": {"angle": 0, "axis": "y", "origin": [12.3, 11.05, 9.075]},
			"faces": {
				"north": {"uv": [9.79688, 11.5, 14.17188, 13.5], "texture": "#1"},
				"east": {"uv": [7, 10.90625, 7.1, 12.90625], "texture": "#1", "cullface": "up"},
				"west": {"uv": [12.25, 12.84375, 12.53125, 12.84375], "texture": "#1"},
				"up": {"uv": [6.425, 11.00938, 1.675, 10.90938], "rotation": 180, "texture": "#0"}
			}
		},
		{
			"name": "px",
			"from": [1.625, 9.675, 3.025],
			"to": [6.45, 11.05, 3.125],
			"rotation": {"angle": 0, "axis": "y", "origin": [12.3, 11.05, 9.175]},
			"faces": {
				"north": {"uv": [9.79688, 11.5, 14.17188, 13.5], "texture": "#1"},
				"east": {"uv": [7, 10.90625, 7.1, 12.90625], "texture": "#1", "cullface": "up"},
				"west": {"uv": [12.25, 12.84375, 12.53125, 12.84375], "texture": "#1"},
				"up": {"uv": [6.45, 11.10938, 1.65, 11.00938], "rotation": 180, "texture": "#0"}
			}
		},
		{
			"name": "px",
			"from": [1.7, 9.675, 2.825],
			"to": [6.4, 11.05, 2.925],
			"rotation": {"angle": 0, "axis": "y", "origin": [12.3, 11.05, 8.975]},
			"faces": {
				"north": {"uv": [9.79688, 11.5, 14.17188, 13.5], "texture": "#1"},
				"east": {"uv": [7, 10.90625, 7.1, 12.90625], "texture": "#1", "cullface": "up"},
				"west": {"uv": [12.25, 12.84375, 12.53125, 12.84375], "texture": "#1"},
				"up": {"uv": [6.4, 10.90938, 1.725, 10.80938], "rotation": 180, "texture": "#0"}
			}
		},
		{
			"name": "px",
			"from": [1.75, 9.675, 2.725],
			"to": [6.35, 11.05, 2.825],
			"rotation": {"angle": 0, "axis": "y", "origin": [12.3, 11.05, 8.875]},
			"faces": {
				"north": {"uv": [9.79688, 11.5, 14.17188, 13.5], "texture": "#1"},
				"east": {"uv": [7, 10.90625, 7.1, 12.90625], "texture": "#1", "cullface": "up"},
				"west": {"uv": [12.25, 12.84375, 12.53125, 12.84375], "texture": "#1"},
				"up": {"uv": [6.35, 10.80938, 1.775, 10.70938], "rotation": 180, "texture": "#0"}
			}
		},
		{
			"name": "px",
			"from": [1.8, 9.675, 2.625],
			"to": [6.3, 11.05, 2.725],
			"rotation": {"angle": 0, "axis": "y", "origin": [12.3, 11.05, 8.775]},
			"faces": {
				"north": {"uv": [9.79688, 11.5, 14.17188, 13.5], "texture": "#1"},
				"east": {"uv": [7, 10.90625, 7.1, 12.90625], "texture": "#1", "cullface": "up"},
				"west": {"uv": [12.25, 12.84375, 12.53125, 12.84375], "texture": "#1"},
				"up": {"uv": [6.3, 10.70938, 1.825, 10.60938], "rotation": 180, "texture": "#0"}
			}
		},
		{
			"name": "px",
			"from": [1.85, 9.675, 2.525],
			"to": [6.25, 11.05, 2.625],
			"rotation": {"angle": 0, "axis": "y", "origin": [12.3, 11.05, 8.675]},
			"faces": {
				"north": {"uv": [9.79688, 11.5, 14.17188, 13.5], "texture": "#1"},
				"east": {"uv": [7, 10.90625, 7.1, 12.90625], "texture": "#1", "cullface": "up"},
				"west": {"uv": [12.25, 12.84375, 12.53125, 12.84375], "texture": "#1"},
				"up": {"uv": [6.25, 10.60938, 1.875, 10.50938], "rotation": 180, "texture": "#0"}
			}
		},
		{
			"name": "px",
			"from": [1.9, 9.675, 2.425],
			"to": [6.2, 11.05, 2.525],
			"rotation": {"angle": 0, "axis": "y", "origin": [12.3, 11.05, 8.575]},
			"faces": {
				"north": {"uv": [9.79688, 11.5, 14.17188, 13.5], "texture": "#1"},
				"east": {"uv": [7, 10.90625, 7.1, 12.90625], "texture": "#1"},
				"west": {"uv": [12.25, 12.84375, 12.53125, 12.84375], "texture": "#1"},
				"up": {"uv": [6.2, 10.50938, 1.925, 10.40938], "rotation": 180, "texture": "#0"}
			}
		},
		{
			"name": "px",
			"from": [1.975, 9.675, 2.325],
			"to": [6.125, 11.05, 2.425],
			"rotation": {"angle": 0, "axis": "y", "origin": [12.3, 11.05, 8.475]},
			"faces": {
				"north": {"uv": [9.79688, 11.5, 14.17188, 13.5], "texture": "#1"},
				"east": {"uv": [7, 10.90625, 7.1, 12.90625], "texture": "#1"},
				"west": {"uv": [12.25, 12.84375, 12.53125, 12.84375], "texture": "#1"},
				"up": {"uv": [6.125, 10.40938, 2, 10.30937], "rotation": 180, "texture": "#0"}
			}
		},
		{
			"name": "px",
			"from": [2.05, 9.675, 2.225],
			"to": [6.05, 11.05, 2.325],
			"rotation": {"angle": 0, "axis": "y", "origin": [12.3, 11.05, 8.375]},
			"faces": {
				"north": {"uv": [9.79688, 11.5, 14.17188, 13.5], "texture": "#1"},
				"east": {"uv": [7, 10.90625, 7.1, 12.90625], "texture": "#1"},
				"west": {"uv": [12.25, 12.84375, 12.53125, 12.84375], "texture": "#1"},
				"up": {"uv": [6.05, 10.30937, 2.075, 10.20938], "rotation": 180, "texture": "#0"}
			}
		},
		{
			"name": "px",
			"from": [2.125, 9.675, 2.125],
			"to": [5.975, 11.05, 2.225],
			"rotation": {"angle": 0, "axis": "y", "origin": [12.3, 11.05, 8.275]},
			"faces": {
				"north": {"uv": [9.79688, 11.5, 14.17188, 13.5], "texture": "#1"},
				"east": {"uv": [7, 10.90625, 7.1, 12.90625], "texture": "#1"},
				"west": {"uv": [12.25, 12.84375, 12.53125, 12.84375], "texture": "#1"},
				"up": {"uv": [5.975, 10.20938, 2.15, 10.10938], "rotation": 180, "texture": "#0"}
			}
		},
		{
			"name": "px",
			"from": [2.175, 9.675, 2.025],
			"to": [5.875, 11.05, 2.125],
			"rotation": {"angle": 0, "axis": "y", "origin": [12.325, 11.05, 8.175]},
			"faces": {
				"north": {"uv": [9.79688, 11.5, 14.17188, 13.5], "texture": "#1"},
				"east": {"uv": [7, 10.90625, 7.1, 12.90625], "texture": "#1"},
				"west": {"uv": [12.25, 12.84375, 12.53125, 12.84375], "texture": "#1"},
				"up": {"uv": [5.875, 10.10938, 2.2, 10.00938], "rotation": 180, "texture": "#0"}
			}
		},
		{
			"name": "px",
			"from": [2.425, 9.675, 1.825],
			"to": [5.65, 11.05, 1.925],
			"rotation": {"angle": 0, "axis": "y", "origin": [12.1, 11.05, 8.175]},
			"faces": {
				"north": {"uv": [9.79688, 11.5, 14.17188, 13.5], "texture": "#1"},
				"east": {"uv": [7, 10.90625, 7.1, 12.90625], "texture": "#1"},
				"west": {"uv": [12.25, 12.84375, 12.53125, 12.84375], "texture": "#1"},
				"up": {"uv": [5.65, 9.90938, 2.45, 9.80937], "rotation": 180, "texture": "#0"}
			}
		},
		{
			"name": "px",
			"from": [2.3, 9.675, 1.925],
			"to": [5.775, 11.05, 2.025],
			"rotation": {"angle": 0, "axis": "y", "origin": [12.225, 11.05, 8.175]},
			"faces": {
				"north": {"uv": [9.79688, 11.5, 14.17188, 13.5], "texture": "#1"},
				"east": {"uv": [7, 10.90625, 7.1, 12.90625], "texture": "#1"},
				"west": {"uv": [12.25, 12.84375, 12.53125, 12.84375], "texture": "#1"},
				"up": {"uv": [5.775, 10.00938, 2.325, 9.90938], "rotation": 180, "texture": "#0"}
			}
		},
		{
			"name": "px",
			"from": [2.525, 9.675, 1.725],
			"to": [5.5, 11.05, 1.825],
			"rotation": {"angle": 0, "axis": "y", "origin": [11.95, 11.05, 8.175]},
			"faces": {
				"north": {"uv": [9.79688, 11.5, 14.17188, 13.5], "texture": "#1"},
				"east": {"uv": [7, 10.90625, 7.1, 12.90625], "texture": "#1"},
				"west": {"uv": [12.25, 12.84375, 12.53125, 12.84375], "texture": "#1"},
				"up": {"uv": [5.5, 9.80937, 2.55, 9.70938], "rotation": 180, "texture": "#0"}
			}
		},
		{
			"name": "px",
			"from": [2.65, 9.675, 1.625],
			"to": [5.375, 11.05, 1.725],
			"rotation": {"angle": 0, "axis": "y", "origin": [12.075, 11.05, 8.175]},
			"faces": {
				"north": {"uv": [9.79688, 11.5, 14.17188, 13.5], "texture": "#1"},
				"east": {"uv": [7, 10.90625, 7.1, 12.90625], "texture": "#1"},
				"west": {"uv": [12.25, 12.84375, 12.53125, 12.84375], "texture": "#1"},
				"up": {"uv": [5.375, 9.70938, 2.675, 9.60938], "rotation": 180, "texture": "#0"}
			}
		},
		{
			"name": "px",
			"from": [2.9, 9.675, 1.525],
			"to": [5.15, 11.05, 1.625],
			"rotation": {"angle": 0, "axis": "y", "origin": [12.075, 11.05, 8.175]},
			"faces": {
				"north": {"uv": [9.79688, 11.5, 14.17188, 13.5], "texture": "#1"},
				"east": {"uv": [7, 10.90625, 7.1, 12.90625], "texture": "#1"},
				"west": {"uv": [12.25, 12.84375, 12.53125, 12.84375], "texture": "#1"},
				"up": {"uv": [5.15, 9.60938, 2.925, 9.50938], "rotation": 180, "texture": "#0"}
			}
		},
		{
			"name": "px",
			"from": [3.15, 9.675, 1.45],
			"to": [4.925, 11.05, 1.525],
			"rotation": {"angle": 0, "axis": "y", "origin": [12.075, 11.05, 8.175]},
			"faces": {
				"north": {"uv": [9.79688, 11.5, 14.17188, 13.5], "texture": "#1"},
				"east": {"uv": [7, 10.90625, 7.075, 12.90625], "texture": "#1"},
				"west": {"uv": [12.25, 12.84375, 12.53125, 12.84375], "texture": "#1"},
				"up": {"uv": [4.925, 9.50938, 3.175, 9.43437], "rotation": 180, "texture": "#0"}
			}
		},
		{
			"name": "px",
			"from": [3.4, 9.675, 1.375],
			"to": [4.625, 11.05, 1.45],
			"rotation": {"angle": 0, "axis": "y", "origin": [12.075, 11.05, 8.2]},
			"faces": {
				"north": {"uv": [9.79688, 11.5, 14.17188, 13.5], "texture": "#1"},
				"east": {"uv": [7, 10.90625, 7.075, 12.90625], "texture": "#1"},
				"west": {"uv": [12.25, 12.84375, 12.53125, 12.84375], "texture": "#1"},
				"up": {"uv": [4.625, 9.43437, 3.425, 9.35938], "rotation": 180, "texture": "#0"}
			}
		},
		{
			"name": "px",
			"from": [1.5, 9.675, 3.75],
			"to": [6.575, 11.05, 4.125],
			"rotation": {"angle": 0, "axis": "y", "origin": [-4.2, 11.05, -2.025]},
			"faces": {
				"east": {"uv": [7, 10.90625, 7.275, 12.90625], "texture": "#1", "cullface": "up"},
				"west": {"uv": [12.25, 12.84375, 12.53125, 12.84375], "texture": "#1"},
				"up": {"uv": [1.5, 11.83438, 6.575, 12.10938], "texture": "#0"}
			}
		},
		{
			"name": "px",
			"from": [1.5, 9.675, 4.125],
			"to": [6.575, 11.05, 4.325],
			"rotation": {"angle": 0, "axis": "y", "origin": [-4.2, 11.05, -1.925]},
			"faces": {
				"east": {"uv": [7, 10.90625, 7.2, 12.90625], "texture": "#1", "cullface": "up"},
				"south": {"uv": [2.09375, 12.25, 7.17188, 14.25], "texture": "#1"},
				"west": {"uv": [12.25, 12.84375, 12.53125, 12.84375], "texture": "#1"},
				"up": {"uv": [1.5, 12.10938, 6.575, 12.30938], "texture": "#0"}
			}
		},
		{
			"name": "px",
			"from": [1.525, 9.675, 4.325],
			"to": [6.55, 11.05, 4.45],
			"rotation": {"angle": 0, "axis": "y", "origin": [-4.2, 11.05, -1.725]},
			"faces": {
				"east": {"uv": [7, 10.90625, 7.125, 12.90625], "texture": "#1", "cullface": "up"},
				"south": {"uv": [2.09375, 12.25, 7.17188, 14.25], "texture": "#1"},
				"west": {"uv": [12.25, 12.84375, 12.53125, 12.84375], "texture": "#1"},
				"up": {"uv": [1.525, 12.30938, 6.55, 12.43438], "texture": "#0"}
			}
		},
		{
			"name": "px",
			"from": [1.575, 9.675, 4.55],
			"to": [6.5, 11.05, 4.65],
			"rotation": {"angle": 0, "axis": "y", "origin": [-4.2, 11.05, -1.5]},
			"faces": {
				"east": {"uv": [7, 10.90625, 7.1, 12.90625], "texture": "#1", "cullface": "up"},
				"south": {"uv": [2.09375, 12.25, 7.17188, 14.25], "texture": "#1"},
				"west": {"uv": [12.25, 12.84375, 12.53125, 12.84375], "texture": "#1"},
				"up": {"uv": [1.575, 12.53438, 6.5, 12.63438], "texture": "#0"}
			}
		},
		{
			"name": "px",
			"from": [1.55, 9.675, 4.45],
			"to": [6.525, 11.05, 4.55],
			"rotation": {"angle": 0, "axis": "y", "origin": [-4.2, 11.05, -1.6]},
			"faces": {
				"east": {"uv": [7, 10.90625, 7.1, 12.90625], "texture": "#1", "cullface": "up"},
				"south": {"uv": [2.09375, 12.25, 7.17188, 14.25], "texture": "#1"},
				"west": {"uv": [12.25, 12.84375, 12.53125, 12.84375], "texture": "#1"},
				"up": {"uv": [1.55, 12.43438, 6.525, 12.53438], "texture": "#0"}
			}
		},
		{
			"name": "px",
			"from": [1.6, 9.675, 4.65],
			"to": [6.475, 11.05, 4.75],
			"rotation": {"angle": 0, "axis": "y", "origin": [-4.2, 11.05, -1.4]},
			"faces": {
				"east": {"uv": [7, 10.90625, 7.1, 12.90625], "texture": "#1", "cullface": "up"},
				"south": {"uv": [2.09375, 12.25, 7.17188, 14.25], "texture": "#1"},
				"west": {"uv": [12.25, 12.84375, 12.53125, 12.84375], "texture": "#1"},
				"up": {"uv": [1.6, 12.63438, 6.475, 12.73438], "texture": "#0"}
			}
		},
		{
			"name": "px",
			"from": [1.675, 9.675, 4.85],
			"to": [6.425, 11.05, 4.95],
			"rotation": {"angle": 0, "axis": "y", "origin": [-4.2, 11.05, -1.2]},
			"faces": {
				"east": {"uv": [7, 10.90625, 7.1, 12.90625], "texture": "#1", "cullface": "up"},
				"south": {"uv": [2.09375, 12.25, 7.17188, 14.25], "texture": "#1"},
				"west": {"uv": [12.25, 12.84375, 12.53125, 12.84375], "texture": "#1"},
				"up": {"uv": [1.675, 12.83438, 6.425, 12.93438], "texture": "#0"}
			}
		},
		{
			"name": "px",
			"from": [1.65, 9.675, 4.75],
			"to": [6.45, 11.05, 4.85],
			"rotation": {"angle": 0, "axis": "y", "origin": [-4.2, 11.05, -1.3]},
			"faces": {
				"east": {"uv": [7, 10.90625, 7.1, 12.90625], "texture": "#1", "cullface": "up"},
				"south": {"uv": [2.09375, 12.25, 7.17188, 14.25], "texture": "#1"},
				"west": {"uv": [12.25, 12.84375, 12.53125, 12.84375], "texture": "#1"},
				"up": {"uv": [1.65, 12.73438, 6.45, 12.83438], "texture": "#0"}
			}
		},
		{
			"name": "px",
			"from": [1.7, 9.675, 4.95],
			"to": [6.375, 11.05, 5.05],
			"rotation": {"angle": 0, "axis": "y", "origin": [-4.2, 11.05, -1.1]},
			"faces": {
				"east": {"uv": [7, 10.90625, 7.1, 12.90625], "texture": "#1", "cullface": "up"},
				"south": {"uv": [2.09375, 12.25, 7.17188, 14.25], "texture": "#1"},
				"west": {"uv": [12.25, 12.84375, 12.53125, 12.84375], "texture": "#1"},
				"up": {"uv": [1.7, 12.93438, 6.375, 13.03438], "texture": "#0"}
			}
		},
		{
			"name": "px",
			"from": [1.75, 9.675, 5.05],
			"to": [6.325, 11.05, 5.15],
			"rotation": {"angle": 0, "axis": "y", "origin": [-4.2, 11.05, -1]},
			"faces": {
				"east": {"uv": [7, 10.90625, 7.1, 12.90625], "texture": "#1", "cullface": "up"},
				"south": {"uv": [2.09375, 12.25, 7.17188, 14.25], "texture": "#1"},
				"west": {"uv": [12.25, 12.84375, 12.53125, 12.84375], "texture": "#1"},
				"up": {"uv": [1.75, 13.03438, 6.325, 13.13438], "texture": "#0"}
			}
		},
		{
			"name": "px",
			"from": [1.8, 9.675, 5.15],
			"to": [6.275, 11.05, 5.25],
			"rotation": {"angle": 0, "axis": "y", "origin": [-4.2, 11.05, -0.9]},
			"faces": {
				"east": {"uv": [7, 10.90625, 7.1, 12.90625], "texture": "#1", "cullface": "up"},
				"south": {"uv": [2.09375, 12.25, 7.17188, 14.25], "texture": "#1"},
				"west": {"uv": [12.25, 12.84375, 12.53125, 12.84375], "texture": "#1"},
				"up": {"uv": [1.8, 13.13438, 6.275, 13.23438], "texture": "#0"}
			}
		},
		{
			"name": "px",
			"from": [1.85, 9.675, 5.25],
			"to": [6.225, 11.05, 5.35],
			"rotation": {"angle": 0, "axis": "y", "origin": [-4.2, 11.05, -0.8]},
			"faces": {
				"east": {"uv": [7, 10.90625, 7.1, 12.90625], "texture": "#1", "cullface": "up"},
				"south": {"uv": [2.09375, 12.25, 7.17188, 14.25], "texture": "#1"},
				"west": {"uv": [12.25, 12.84375, 12.53125, 12.84375], "texture": "#1"},
				"up": {"uv": [1.85, 13.23438, 6.225, 13.33438], "texture": "#0"}
			}
		},
		{
			"name": "px",
			"from": [1.9, 9.675, 5.35],
			"to": [6.175, 11.05, 5.45],
			"rotation": {"angle": 0, "axis": "y", "origin": [-4.2, 11.05, -0.7]},
			"faces": {
				"east": {"uv": [7, 10.90625, 7.1, 12.90625], "texture": "#1"},
				"south": {"uv": [2.09375, 12.25, 7.17188, 14.25], "texture": "#1"},
				"west": {"uv": [12.25, 12.84375, 12.53125, 12.84375], "texture": "#1"},
				"up": {"uv": [1.9, 13.33438, 6.175, 13.43438], "texture": "#0"}
			}
		},
		{
			"name": "px",
			"from": [1.975, 9.675, 5.45],
			"to": [6.1, 11.05, 5.55],
			"rotation": {"angle": 0, "axis": "y", "origin": [-4.2, 11.05, -0.6]},
			"faces": {
				"east": {"uv": [7, 10.90625, 7.1, 12.90625], "texture": "#1"},
				"south": {"uv": [2.09375, 12.25, 7.17188, 14.25], "texture": "#1"},
				"west": {"uv": [12.25, 12.84375, 12.53125, 12.84375], "texture": "#1"},
				"up": {"uv": [1.975, 13.43438, 6.1, 13.53438], "texture": "#0"}
			}
		},
		{
			"name": "px",
			"from": [2.05, 9.675, 5.55],
			"to": [6.025, 11.05, 5.65],
			"rotation": {"angle": 0, "axis": "y", "origin": [-4.2, 11.05, -0.5]},
			"faces": {
				"east": {"uv": [7, 10.90625, 7.1, 12.90625], "texture": "#1"},
				"south": {"uv": [2.09375, 12.25, 7.17188, 14.25], "texture": "#1"},
				"west": {"uv": [12.25, 12.84375, 12.53125, 12.84375], "texture": "#1"},
				"up": {"uv": [2.05, 13.53438, 6.025, 13.63438], "texture": "#0"}
			}
		},
		{
			"name": "px",
			"from": [2.125, 9.675, 5.65],
			"to": [5.95, 11.05, 5.75],
			"rotation": {"angle": 0, "axis": "y", "origin": [-4.2, 11.05, -0.4]},
			"faces": {
				"east": {"uv": [7, 10.90625, 7.1, 12.90625], "texture": "#1"},
				"south": {"uv": [2.09375, 12.25, 7.17188, 14.25], "texture": "#1"},
				"west": {"uv": [12.25, 12.84375, 12.53125, 12.84375], "texture": "#1"},
				"up": {"uv": [2.125, 13.63438, 5.95, 13.73438], "texture": "#0"}
			}
		},
		{
			"name": "px",
			"from": [2.225, 9.675, 5.75],
			"to": [5.9, 11.05, 5.85],
			"rotation": {"angle": 0, "axis": "y", "origin": [-4.225, 11.05, -0.3]},
			"faces": {
				"east": {"uv": [7, 10.90625, 7.1, 12.90625], "texture": "#1"},
				"south": {"uv": [2.09375, 12.25, 7.17188, 14.25], "texture": "#1"},
				"west": {"uv": [12.25, 12.84375, 12.53125, 12.84375], "texture": "#1"},
				"up": {"uv": [2.225, 13.73438, 5.9, 13.83438], "texture": "#0"}
			}
		},
		{
			"name": "px",
			"from": [2.45, 9.675, 5.95],
			"to": [5.65, 11.05, 6.05],
			"rotation": {"angle": 0, "axis": "y", "origin": [-4, 11.05, -0.3]},
			"faces": {
				"east": {"uv": [7, 10.90625, 7.1, 12.90625], "texture": "#1"},
				"south": {"uv": [2.09375, 12.25, 7.17188, 14.25], "texture": "#1"},
				"west": {"uv": [12.25, 12.84375, 12.53125, 12.84375], "texture": "#1"},
				"up": {"uv": [2.45, 13.93438, 5.65, 14.03438], "texture": "#0"}
			}
		},
		{
			"name": "px",
			"from": [2.325, 9.675, 5.85],
			"to": [5.775, 11.05, 5.95],
			"rotation": {"angle": 0, "axis": "y", "origin": [-4.125, 11.05, -0.3]},
			"faces": {
				"east": {"uv": [7, 10.90625, 7.1, 12.90625], "texture": "#1"},
				"south": {"uv": [2.09375, 12.25, 7.17188, 14.25], "texture": "#1"},
				"west": {"uv": [12.25, 12.84375, 12.53125, 12.84375], "texture": "#1"},
				"up": {"uv": [2.325, 13.83438, 5.775, 13.93438], "texture": "#0"}
			}
		},
		{
			"name": "px",
			"from": [2.6, 9.675, 6.05],
			"to": [5.55, 11.05, 6.15],
			"rotation": {"angle": 0, "axis": "y", "origin": [-3.85, 11.05, -0.3]},
			"faces": {
				"east": {"uv": [7, 10.90625, 7.1, 12.90625], "texture": "#1"},
				"south": {"uv": [2.09375, 12.25, 7.17188, 14.25], "texture": "#1"},
				"west": {"uv": [12.25, 12.84375, 12.53125, 12.84375], "texture": "#1"},
				"up": {"uv": [2.6, 14.03438, 5.55, 14.13438], "texture": "#0"}
			}
		},
		{
			"name": "px",
			"from": [2.725, 9.675, 6.15],
			"to": [5.425, 11.05, 6.25],
			"rotation": {"angle": 0, "axis": "y", "origin": [-3.975, 11.05, -0.3]},
			"faces": {
				"east": {"uv": [7, 10.90625, 7.1, 12.90625], "texture": "#1"},
				"south": {"uv": [2.09375, 12.25, 7.17188, 14.25], "texture": "#1"},
				"west": {"uv": [12.25, 12.84375, 12.53125, 12.84375], "texture": "#1"},
				"up": {"uv": [2.725, 14.13438, 5.425, 14.23438], "texture": "#0"}
			}
		},
		{
			"name": "px",
			"from": [2.95, 9.675, 6.25],
			"to": [5.175, 11.05, 6.35],
			"rotation": {"angle": 0, "axis": "y", "origin": [-3.975, 11.05, -0.3]},
			"faces": {
				"east": {"uv": [7, 10.90625, 7.1, 12.90625], "texture": "#1"},
				"south": {"uv": [2.09375, 12.25, 7.17188, 14.25], "texture": "#1"},
				"west": {"uv": [12.25, 12.84375, 12.53125, 12.84375], "texture": "#1"},
				"up": {"uv": [2.95, 14.23438, 5.175, 14.33438], "texture": "#0"}
			}
		},
		{
			"name": "px",
			"from": [3.175, 9.675, 6.35],
			"to": [4.925, 11.05, 6.425],
			"rotation": {"angle": 0, "axis": "y", "origin": [-3.975, 11.05, -0.3]},
			"faces": {
				"east": {"uv": [7, 10.90625, 7.075, 12.90625], "texture": "#1"},
				"south": {"uv": [2.09375, 12.25, 7.17188, 14.25], "texture": "#1"},
				"west": {"uv": [12.25, 12.84375, 12.53125, 12.84375], "texture": "#1"},
				"up": {"uv": [3.175, 14.33438, 4.925, 14.40938], "texture": "#0"}
			}
		},
		{
			"name": "px",
			"from": [3.475, 9.675, 6.425],
			"to": [4.675, 11.05, 6.5],
			"rotation": {"angle": 0, "axis": "y", "origin": [-3.975, 11.05, -0.325]},
			"faces": {
				"east": {"uv": [7, 10.90625, 7.075, 12.90625], "texture": "#1"},
				"south": {"uv": [2.09375, 12.25, 7.17188, 14.25], "texture": "#1"},
				"west": {"uv": [12.25, 12.84375, 12.53125, 12.84375], "texture": "#1"},
				"up": {"uv": [3.475, 14.40938, 4.675, 14.48438], "texture": "#0"}
			}
		},
		{
			"from": [0, 0, 0],
			"to": [16, 0, 16],
			"faces": {
				"down": {"uv": [0, 0, 16, 16], "texture": "#3", "cullface": "down"}
			}
		}
	],
	"display": {
		"thirdperson_righthand": {
			"scale": [0.5, 0.5, 0.5]
		},
		"thirdperson_lefthand": {
			"scale": [0.5, 0.5, 0.5]
		},
		"firstperson_righthand": {
			"rotation": [5, 45, 0],
			"scale": [0.5, 0.5, 0.5]
		},
		"firstperson_lefthand": {
			"rotation": [5, 45, 0],
			"scale": [0.5, 0.5, 0.5]
		},
		"ground": {
			"translation": [0, 4, 0],
			"scale": [0.4, 0.4, 0.4]
		},
		"gui": {
			"rotation": [20, 45, 0],
			"scale": [0.54, 0.54, 0.54]
		}
	},
	"groups": [
		0,
		1,
		{
			"name": "alpha overlay",
			"origin": [8, 8, 8],
			"color": 0,
			"children": [
				{
					"name": "group",
					"origin": [8, 8, 8],
					"color": 0,
					"children": [
						{
							"name": "group",
							"origin": [3.9, 0, 7.625],
							"color": 0,
							"children": [2, 3, 4, 5, 6, 7, 8, 9, 10, 11, 12, 13, 14, 15, 16, 17, 18, 19, 20, 21, 22, 23, 24]
						},
						{
							"name": "group",
							"origin": [3.9, 0, 7.625],
							"color": 0,
							"children": [25, 26, 27, 28, 29, 30, 31, 32, 33, 34, 35, 36, 37, 38, 39, 40, 41, 42, 43, 44, 45, 46, 47, 48]
						}
					]
				},
				{
					"name": "group",
					"origin": [3.9, 0, 7.625],
					"color": 0,
					"children": [
						49,
						50,
						51,
						52,
						53,
						54,
						55,
						56,
						57,
						58,
						59,
						60,
						61,
						62,
						63,
						64,
						65,
						66,
						67,
						68,
						69,
						70,
						71,
						72,
						{
							"name": "group",
							"origin": [3.9, 0, 7.625],
							"color": 0,
							"children": [73, 74, 75, 76, 77, 78, 79, 80, 81, 82, 83, 84, 85, 86, 87, 88, 89, 90, 91, 92, 93, 94, 95]
						}
					]
				},
				{
					"name": "group",
					"origin": [3.9, 0, 7.625],
					"color": 0,
					"children": [
						{
							"name": "group",
							"origin": [3.9, 0, 7.625],
							"color": 0,
							"children": [96, 97, 98, 99, 100, 101, 102, 103, 104, 105, 106, 107, 108, 109, 110, 111, 112, 113, 114, 115, 116, 117, 118, 119]
						},
						{
							"name": "group",
							"origin": [3.9, 0, 7.625],
							"color": 0,
							"children": [120, 121, 122, 123, 124, 125, 126, 127, 128, 129, 130, 131, 132, 133, 134, 135, 136, 137, 138, 139, 140, 141, 142]
						}
					]
				},
				{
					"name": "group",
					"origin": [3.9, 0, 7.625],
					"color": 0,
					"children": [143, 144, 145, 146, 147, 148, 149, 150, 151, 152, 153, 154, 155, 156, 157, 158, 159, 160, 161, 162, 163, 164, 165]
				},
				{
					"name": "group",
					"origin": [3.9, 0, 7.625],
					"color": 0,
					"children": [166, 167, 168, 169, 170, 171, 172, 173, 174, 175, 176, 177, 178, 179, 180, 181, 182, 183, 184, 185, 186, 187, 188, 189]
				}
			]
		},
		190
	]
}