{
	"credit": "Made with Blockbench",
	"parent": "block/template_fence_gate_open",
	"textures": {
		"1": "block/snow",
		"3": "block/birch_log_bottom",
		"4": "block/birch_log_top",
		"5": "block/birch_log_block_side3",
		"11": "block/nether_planks_block_side2",
		"particle": "block/snow"
	},
	"elements": [
		{
			"from": [0.95, 16.025, 1.125],
			"to": [14.95, 16.025, 15.125],
			"faces": {
				"up": {"uv": [0.875, 0.875, 15.125, 15.125], "texture": "#4", "cullface": "up"}
			}
		},
		{
			"from": [0, 12.85, 0],
			"to": [16, 16, 16],
			"faces": {
				"north": {"uv": [0, 0, 16, 3.1875], "texture": "#5", "cullface": "north"},
				"east": {"uv": [0, 0, 16, 3.1875], "texture": "#5", "cullface": "east"},
				"south": {"uv": [16, 0, 0, 3.1875], "texture": "#5", "cullface": "south"},
				"west": {"uv": [0, 0, 16, 3.1875], "texture": "#5", "cullface": "west"},
				"up": {"uv": [0, 0, 16, 16], "texture": "#1", "cullface": "up"}
			}
		},
		{
			"from": [0, 0.025, 0],
			"to": [16, 9.675, 16],
			"faces": {
				"north": {"uv": [0, 6.28125, 16, 16], "texture": "#5", "cullface": "north"},
				"east": {"uv": [0, 6.28125, 16, 16], "texture": "#5", "cullface": "east"},
				"south": {"uv": [0, 6.28125, 16, 16], "texture": "#5", "cullface": "south"},
				"west": {"uv": [0, 6.28125, 16, 16], "texture": "#5", "cullface": "west"},
				"down": {"uv": [0, 0, 16, 16], "rotation": 90, "texture": "#3", "cullface": "down"}
			}
		},
		{
			"from": [8, 9.675, 0],
			"to": [16, 12.85, 16],
			"faces": {
				"north": {"uv": [0, 0, 8, 3.15625], "texture": "#11", "cullface": "north"},
				"east": {"uv": [0.04688, 0, 16.04688, 3.15625], "rotation": 180, "texture": "#11", "cullface": "east"},
				"south": {"uv": [8, 0, 16, 3.15625], "texture": "#11", "cullface": "south"}
			}
		},
		{
			"from": [0, 9.675, 0],
			"to": [8, 12.85, 16],
			"faces": {
				"north": {"uv": [8, 0, 16, 3.15625], "texture": "#5", "cullface": "north"},
				"south": {"uv": [0, 0, 8, 3.15625], "texture": "#5", "cullface": "south"},
				"west": {"uv": [0.04688, 0, 16.04688, 3.15625], "rotation": 180, "texture": "#5", "cullface": "west"}
			}
		}
	],
	"display": {
		"thirdperson_righthand": {
			"scale": [0.5, 0.5, 0.5]
		},
		"thirdperson_lefthand": {
			"scale": [0.5, 0.5, 0.5]
		},
		"firstperson_righthand": {
			"rotation": [5, 45, 0],
			"scale": [0.5, 0.5, 0.5]
		},
		"firstperson_lefthand": {
			"rotation": [5, 45, 0],
			"scale": [0.5, 0.5, 0.5]
		},
		"ground": {
			"translation": [0, 4, 0],
			"scale": [0.4, 0.4, 0.4]
		},
		"gui": {
			"rotation": [20, -45, 0],
			"scale": [0.54, 0.54, 0.54]
		}
	}
}