{
	"credit": "Made with Blockbench",
	"textures": {
		"5": "block/crafting_table_side",
		"6": "block/crafting_table_top",
		"7": "block/oak_planks_block_side",
		"8": "block/nether_stripped_block_top",
		"10": "block/coal_block_bottom",
		"particle": "block/crafting_table_top"
	},
	"elements": [
		{
			"from": [0, 12.8, 0],
			"to": [16, 16, 16],
			"faces": {
				"north": {"uv": [0, 3.17188, 16, 6.28126], "texture": "#7", "cullface": "north"},
				"east": {"uv": [0, 3.17188, 16, 6.31251], "texture": "#7", "cullface": "east"},
				"south": {"uv": [0, 3.17188, 16, 6.31251], "texture": "#7", "cullface": "south"},
				"west": {"uv": [0, 3.17188, 16, 6.31251], "texture": "#7", "cullface": "west"},
				"up": {"uv": [0.04688, 0.04688, 16, 16], "texture": "#6", "cullface": "up"}
			}
		},
		{
			"from": [0, 3.1, 0],
			"to": [16, 12.8, 16],
			"faces": {
				"north": {"uv": [0, 6.29688, 16, 16], "texture": "#5", "cullface": "north"},
				"east": {"uv": [0, 0.04688, 16, 3.15625], "texture": "#7", "cullface": "east"},
				"south": {"uv": [0, 6.29688, 16, 15.99688], "texture": "#5", "cullface": "south"},
				"west": {"uv": [0, 0.04688, 16, 3.15625], "texture": "#7", "cullface": "west"}
			}
		},
		{
			"from": [0, 0, 0],
			"to": [16, 3.1, 16],
			"faces": {
				"north": {"uv": [0, 0, 16, 3.59375], "texture": "#8", "cullface": "north"},
				"east": {"uv": [0, 0, 16, 3.59375], "texture": "#8", "cullface": "east"},
				"south": {"uv": [0, 0, 16, 3.59375], "texture": "#8", "cullface": "south"},
				"west": {"uv": [0, 0, 16, 3.59375], "texture": "#8", "cullface": "west"},
				"down": {"uv": [0, 0, 16, 16], "texture": "#10", "cullface": "down"}
			}
		}
	],
	"display": {
		"thirdperson_righthand": {
			"scale": [0.5, 0.5, 0.5]
		},
		"thirdperson_lefthand": {
			"scale": [0.5, 0.5, 0.5]
		},
		"firstperson_righthand": {
			"rotation": [5, 45, 0],
			"scale": [0.5, 0.5, 0.5]
		},
		"firstperson_lefthand": {
			"rotation": [5, 45, 0],
			"scale": [0.5, 0.5, 0.5]
		},
		"ground": {
			"translation": [0, 4, 0],
			"scale": [0.4, 0.4, 0.4]
		},
		"gui": {
			"rotation": [20, 45, 0],
			"scale": [0.54, 0.54, 0.54]
		}
	}
}