{
	"credit": "Made with Blockbench",
	"textures": {
		"1": "block/spruce_planks",
		"2": "block/spruce_log_block_side",
		"3": "block/spruce_log_bottom",
		"4": "block/crimson_planks_block_side2",
		"particle": "block/spruce_log_bottom"
	},
	"elements": [
		{
			"from": [0, 12.8, 0],
			"to": [16, 16, 16],
			"faces": {
				"north": {"uv": [0, 0, 16, 3.10938], "texture": "#2", "cullface": "north"},
				"east": {"uv": [0, 0, 16, 3.14063], "texture": "#2", "cullface": "east"},
				"south": {"uv": [0, 0, 16, 3.14063], "texture": "#2", "cullface": "south"},
				"west": {"uv": [0, 0, 16, 3.14063], "texture": "#2", "cullface": "west"},
				"up": {"uv": [0.04688, 0.04688, 16, 8.3125], "texture": "#1", "cullface": "up"},
				"down": {"uv": [0, 0, 16, 8.3125], "texture": "#3", "cullface": "down"}
			}
		},
		{
			"from": [0, 9.7, 0],
			"to": [16, 12.8, 16],
			"faces": {
				"north": {"uv": [0, 3.15625, 16, 6.34375], "texture": "#4", "cullface": "north"},
				"east": {"uv": [0, 3.15625, 16, 6.34375], "texture": "#4", "cullface": "east"},
				"south": {"uv": [0, 3.15625, 16, 6.34375], "texture": "#4", "cullface": "south"},
				"west": {"uv": [0, 3.15625, 16, 6.34375], "texture": "#4", "cullface": "west"},
				"up": {"uv": [0.04688, 3.20313, 16, 16], "texture": "#1", "cullface": "up"},
				"down": {"uv": [0, 3.15625, 16, 16], "texture": "#3", "cullface": "down"}
			}
		},
		{
			"from": [0, 0, 0],
			"to": [16, 9.7, 16],
			"faces": {
				"north": {"uv": [0, 6.29688, 16, 16], "texture": "#2", "cullface": "north"},
				"east": {"uv": [0, 6.29688, 16, 16], "texture": "#2", "cullface": "east"},
				"south": {"uv": [0, 6.25, 16, 16], "texture": "#2", "cullface": "south"},
				"west": {"uv": [0, 6.25, 16, 16], "texture": "#2", "cullface": "west"},
				"up": {"uv": [0.04688, 0.04688, 16, 16], "texture": "#1", "cullface": "up"},
				"down": {"uv": [0, 0, 16, 16], "texture": "#3", "cullface": "down"}
			}
		}
	],
	"display": {
		"thirdperson_righthand": {
			"scale": [0.5, 0.5, 0.5]
		},
		"thirdperson_lefthand": {
			"scale": [0.5, 0.5, 0.5]
		},
		"firstperson_righthand": {
			"rotation": [5, 45, 0],
			"scale": [0.5, 0.5, 0.5]
		},
		"firstperson_lefthand": {
			"rotation": [5, 45, 0],
			"scale": [0.5, 0.5, 0.5]
		},
		"ground": {
			"translation": [0, 4, 0],
			"scale": [0.4, 0.4, 0.4]
		},
		"gui": {
			"rotation": [20, 45, 0],
			"scale": [0.54, 0.54, 0.54]
		}
	}
}