{
	"credit": "Made with Blockbench",
	"parent": "block/template_fence_gate_open",
	"textures": {
		"1": "block/iron_ore_block_top",
		"2": "block/deepslate",
		"7": "block/deepslate_bottom2",
		"8": "block/copper",
		"particle": "block/iron_ore_block_top"
	},
	"elements": [
		{
			"from": [0, 3.2, 0],
			"to": [16, 12.85, 16],
			"faces": {
				"north": {"uv": [0.0625, 3.125, 16.0625, 12.84375], "texture": "#2", "cullface": "north"},
				"east": {"uv": [0.0625, 3.125, 16.0625, 12.84375], "texture": "#2", "cullface": "east"},
				"south": {"uv": [0.0625, 3.125, 16.0625, 12.84375], "texture": "#2", "cullface": "south"},
				"west": {"uv": [0.0625, 3.125, 16.0625, 12.84375], "texture": "#2", "cullface": "west"}
			}
		},
		{
			"from": [0, 0, 0],
			"to": [16, 3.175, 8],
			"faces": {
				"north": {"uv": [8, 0, 16, 16], "rotation": 90, "texture": "#8", "cullface": "north"},
				"east": {"uv": [8, 8, 16, 16], "texture": "#8", "cullface": "east"},
				"west": {"uv": [8, 0, 16, 8], "texture": "#8", "cullface": "west"},
				"down": {"uv": [0, 0.0625, 8, 16.0625], "rotation": 90, "texture": "#8", "cullface": "down"}
			}
		},
		{
			"from": [0, 0, 8],
			"to": [16, 3.175, 16],
			"faces": {
				"east": {"uv": [0, 0, 16, 3.15625], "texture": "#2", "cullface": "east"},
				"south": {"uv": [0, 0, 16, 3.15625], "texture": "#2", "cullface": "south"},
				"west": {"uv": [0, 0, 16, 3.15625], "texture": "#2", "cullface": "west"},
				"down": {"uv": [0, 0, 8, 16], "rotation": 90, "texture": "#7", "cullface": "down"}
			}
		},
		{
			"from": [0, 12.825, 8],
			"to": [16, 16, 16],
			"faces": {
				"east": {"uv": [8, 0, 16, 8], "rotation": 180, "texture": "#8", "cullface": "east"},
				"south": {"uv": [8, 0, 15.9375, 16], "rotation": 90, "texture": "#8", "cullface": "south"},
				"west": {"uv": [8, 8, 16, 16], "rotation": 180, "texture": "#8", "cullface": "west"},
				"up": {"uv": [8, 0, 16, 16], "rotation": 90, "texture": "#8", "cullface": "up"}
			}
		},
		{
			"from": [0, 12.825, 0],
			"to": [16, 16, 8],
			"faces": {
				"north": {"uv": [0, 0, 16, 3.15625], "rotation": 180, "texture": "#2", "cullface": "north"},
				"east": {"uv": [0, 0, 16, 3.15625], "rotation": 180, "texture": "#2", "cullface": "east"},
				"west": {"uv": [0, 0, 16, 3.15625], "rotation": 180, "texture": "#2", "cullface": "west"},
				"up": {"uv": [8, 0, 16, 16], "rotation": 90, "texture": "#1", "cullface": "up"}
			}
		}
	],
	"display": {
		"thirdperson_righthand": {
			"scale": [0.5, 0.5, 0.5]
		},
		"thirdperson_lefthand": {
			"scale": [0.5, 0.5, 0.5]
		},
		"firstperson_righthand": {
			"rotation": [5, 45, 0],
			"scale": [0.5, 0.5, 0.5]
		},
		"firstperson_lefthand": {
			"rotation": [5, 45, 0],
			"scale": [0.5, 0.5, 0.5]
		},
		"ground": {
			"translation": [0, 4, 0],
			"scale": [0.4, 0.4, 0.4]
		},
		"gui": {
			"rotation": [20, -45, 0],
			"scale": [0.54, 0.54, 0.54]
		}
	}
}