{
	"credit": "Made with Blockbench",
	"ambientocclusion": false,
	"textures": {
		"1": "block/birch_log_block_side3",
		"particle": "block/snow"
	},
	"elements": [
		{
			"from": [8, 0, 0],
			"to": [16, 16, 8],
			"faces": {
				"north": {"uv": [8.04688, 0.04688, 16.04688, 16.04688], "texture": "#1"},
				"east": {"uv": [8.04688, 0.04688, 16.04688, 16.04688], "texture": "#1"},
				"south": {"uv": [8.04688, 0.04688, 16.04688, 16.04688], "texture": "#1"},
				"west": {"uv": [8.04688, 0.04688, 16.04688, 16.04688], "texture": "#1"},
				"up": {"uv": [0, 0, 16, 16], "texture": "#particle", "cullface": "up"},
				"down": {"uv": [4, 0, 8, 8], "texture": "#particle", "cullface": "down"}
			}
		}
	],
	"display": {
		"thirdperson_righthand": {
			"scale": [0.5, 0.5, 0.5]
		},
		"thirdperson_lefthand": {
			"scale": [0.5, 0.5, 0.5]
		},
		"firstperson_righthand": {
			"rotation": [5, 45, 0],
			"scale": [0.5, 0.5, 0.5]
		},
		"firstperson_lefthand": {
			"rotation": [5, 45, 0],
			"scale": [0.5, 0.5, 0.5]
		},
		"ground": {
			"translation": [0, 4, 0],
			"scale": [0.4, 0.4, 0.4]
		},
		"gui": {
			"rotation": [20, 45, 0],
			"scale": [0.54, 0.54, 0.54]
		}
	},
	"groups": [
		{
			"name": "bamboo_sapling",
			"origin": [8, 8, 8],
			"color": 0,
			"children": [
				{
					"name": "bamboo1_age0",
					"origin": [8, 8, 8],
					"color": 0,
					"children": [0]
				}
			]
		}
	]
}