{
	"credit": "Made with Blockbench",
	"textures": {
		"3": "block/coal_block_bottom",
		"4": "block/furnace_front",
		"6": "block/stone",
		"7": "block/stone_block_side",
		"8": "block/nether_stripped_block_top"
	},
	"elements": [
		{
			"from": [0, 12.8, 0],
			"to": [16, 16, 16],
			"rotation": {"angle": 0, "axis": "y", "origin": [16, 0, 0]},
			"faces": {
				"north": {"uv": [0, 3.17188, 16, 6.31251], "texture": "#7", "cullface": "north"},
				"east": {"uv": [0, 3.17188, 16, 6.28126], "texture": "#7", "cullface": "east"},
				"south": {"uv": [0, 3.17188, 16, 6.31251], "texture": "#7", "cullface": "south"},
				"west": {"uv": [0, 3.17188, 16, 6.31251], "texture": "#7", "cullface": "west"},
				"up": {"uv": [0.04688, 0.04688, 16, 16], "rotation": 90, "texture": "#6", "cullface": "up"}
			}
		},
		{
			"from": [0, 3.1, 8],
			"to": [16, 12.8, 16],
			"rotation": {"angle": 0, "axis": "y", "origin": [16, 0, 0]},
			"faces": {
				"east": {"uv": [8, 6.32813, 16, 16], "texture": "#7", "cullface": "east"},
				"south": {"uv": [0, 6.29688, 16, 15.99688], "texture": "#7", "cullface": "south"},
				"west": {"uv": [0, 6.28125, 8, 16], "texture": "#7", "cullface": "west"}
			}
		},
		{
			"from": [0, 3.1, 0],
			"to": [16, 12.8, 8],
			"rotation": {"angle": 0, "axis": "y", "origin": [16, 0, 0]},
			"faces": {
				"north": {"uv": [0, 6.29688, 16, 16], "texture": "#4", "cullface": "north"},
				"east": {"uv": [0, 6.32813, 8, 16], "texture": "#7", "cullface": "east"},
				"west": {"uv": [8, 6.28125, 16, 16], "texture": "#7", "cullface": "west"}
			}
		},
		{
			"from": [7.27361, 17, 8.40643],
			"to": [8.20259, 17, 9.18057],
			"rotation": {"angle": -22.5, "axis": "y", "origin": [5.95757, 0, 8.42578]},
			"faces": {
				"up": {"uv": [6.23438, 6.10938, 8.23438, 7.10938], "rotation": 180, "texture": "#6", "cullface": "up"}
			}
		},
		{
			"from": [6.61559, 17, 7.84517],
			"to": [7.46715, 17, 8.61932],
			"rotation": {"angle": -45, "axis": "y", "origin": [5.95757, 0, 8.42578]},
			"faces": {
				"up": {"uv": [6.23438, 6.10938, 8.23438, 7.10938], "texture": "#6", "cullface": "up"}
			}
		},
		{
			"from": [6.03498, 17, 8.2903],
			"to": [6.80913, 17, 9.12251],
			"rotation": {"angle": 22.5, "axis": "y", "origin": [5.95757, 0, 8.42578]},
			"faces": {
				"up": {"uv": [6.23438, 6.10938, 8.23438, 7.10938], "rotation": 90, "texture": "#6", "cullface": "up"}
			}
		},
		{
			"from": [5.99628, 17, 7.38068],
			"to": [6.77042, 17, 8.30966],
			"rotation": {"angle": 0, "axis": "y", "origin": [6.75107, 0, 6.06464]},
			"faces": {
				"up": {"uv": [6.23438, 6.10938, 8.23438, 7.10938], "rotation": 270, "texture": "#6", "cullface": "up"}
			}
		},
		{
			"from": [6.55753, 17, 6.72266],
			"to": [7.33167, 17, 7.57422],
			"rotation": {"angle": -22.5, "axis": "y", "origin": [6.75107, 0, 6.06464]},
			"faces": {
				"up": {"uv": [6.23438, 6.10938, 8.23438, 7.10938], "rotation": 90, "texture": "#6", "cullface": "up"}
			}
		},
		{
			"from": [6.05434, 17, 6.14205],
			"to": [6.92525, 17, 6.9162],
			"rotation": {"angle": 45, "axis": "y", "origin": [6.75107, 0, 6.06464]},
			"faces": {
				"up": {"uv": [6.23438, 6.10938, 8.23438, 7.10938], "rotation": 180, "texture": "#6", "cullface": "up"}
			}
		},
		{
			"from": [6.92525, 17, 6.06464],
			"to": [7.7381, 17, 6.83878],
			"rotation": {"angle": 22.5, "axis": "y", "origin": [6.75107, 0, 6.06464]},
			"faces": {
				"up": {"uv": [6.23438, 6.10938, 8.23438, 7.10938], "rotation": 180, "texture": "#6", "cullface": "up"}
			}
		},
		{
			"from": [7.97034, 17, 6.47107],
			"to": [8.89932, 17, 7.24521],
			"rotation": {"angle": -22.5, "axis": "y", "origin": [10.21536, 0, 7.22586]},
			"faces": {
				"up": {"uv": [6.23438, 6.10938, 8.23438, 7.10938], "texture": "#6", "cullface": "up"}
			}
		},
		{
			"from": [7.64339, 17, 5.67757],
			"to": [8.45418, 17, 6.45171],
			"rotation": {"angle": 0, "axis": "y", "origin": [10.21536, 0, 7.22586]},
			"faces": {
				"up": {"uv": [6.23438, 6.10938, 8.23438, 7.10938], "rotation": 180, "texture": "#6", "cullface": "up"}
			}
		},
		{
			"from": [8.70578, 17, 7.03232],
			"to": [9.55734, 17, 7.80646],
			"rotation": {"angle": -45, "axis": "y", "origin": [10.21536, 0, 7.22586]},
			"faces": {
				"up": {"uv": [6.23438, 6.10938, 8.23438, 7.10938], "rotation": 180, "texture": "#6", "cullface": "up"}
			}
		},
		{
			"from": [9.3638, 17, 6.52913],
			"to": [10.13795, 17, 7.40004],
			"rotation": {"angle": 22.5, "axis": "y", "origin": [10.21536, 0, 7.22586]},
			"faces": {
				"up": {"uv": [6.23438, 6.10938, 8.23438, 7.10938], "rotation": 270, "texture": "#6", "cullface": "up"}
			}
		},
		{
			"from": [9.44122, 17, 7.40004],
			"to": [10.21536, 17, 8.19354],
			"rotation": {"angle": 0, "axis": "y", "origin": [10.21536, 0, 7.22586]},
			"faces": {
				"up": {"uv": [6.23438, 6.10938, 8.23438, 7.10938], "rotation": 270, "texture": "#6", "cullface": "up"}
			}
		},
		{
			"from": [8.64772, 17, 7.72905],
			"to": [9.42186, 17, 8.65802],
			"rotation": {"angle": -22.5, "axis": "y", "origin": [8.66707, 0, 9.97407]},
			"faces": {
				"up": {"uv": [6.23438, 6.10938, 8.23438, 7.10938], "rotation": 90, "texture": "#6", "cullface": "up"}
			}
		},
		{
			"from": [8.08646, 17, 8.46449],
			"to": [8.86061, 17, 9.31604],
			"rotation": {"angle": -45, "axis": "y", "origin": [8.66707, 0, 9.97407]},
			"faces": {
				"up": {"uv": [6.23438, 6.10938, 8.23438, 7.10938], "rotation": 270, "texture": "#6", "cullface": "up"}
			}
		},
		{
			"from": [8.49289, 17, 9.12251],
			"to": [9.3638, 17, 9.89665],
			"rotation": {"angle": 22.5, "axis": "y", "origin": [8.66707, 0, 9.97407]},
			"faces": {
				"up": {"uv": [6.23438, 6.10938, 8.23438, 7.10938], "texture": "#6", "cullface": "up"}
			}
		},
		{
			"from": [7.69939, 17, 9.19992],
			"to": [8.49289, 17, 9.97407],
			"rotation": {"angle": 0, "axis": "y", "origin": [8.66707, 0, 9.97407]},
			"faces": {
				"up": {"uv": [6.23438, 6.10938, 8.23438, 7.10938], "texture": "#6", "cullface": "up"}
			}
		},
		{
			"from": [7.27361, 16.75, 8.40643],
			"to": [8.20259, 16.75, 9.18057],
			"rotation": {"angle": -22.5, "axis": "y", "origin": [5.95757, -0.25, 8.42578]},
			"faces": {
				"up": {"uv": [6.23438, 6.10938, 8.23438, 7.10938], "rotation": 180, "texture": "#6", "cullface": "up"}
			}
		},
		{
			"from": [6.61559, 16.75, 7.84517],
			"to": [7.46715, 16.75, 8.61932],
			"rotation": {"angle": -45, "axis": "y", "origin": [5.95757, -0.25, 8.42578]},
			"faces": {
				"up": {"uv": [6.23438, 6.10938, 8.23438, 7.10938], "texture": "#6", "cullface": "up"}
			}
		},
		{
			"from": [6.03498, 16.75, 8.2903],
			"to": [6.80913, 16.75, 9.12251],
			"rotation": {"angle": 22.5, "axis": "y", "origin": [5.95757, -0.25, 8.42578]},
			"faces": {
				"up": {"uv": [6.23438, 6.10938, 8.23438, 7.10938], "rotation": 90, "texture": "#6", "cullface": "up"}
			}
		},
		{
			"from": [5.99628, 16.75, 7.38068],
			"to": [6.77042, 16.75, 8.30966],
			"rotation": {"angle": 0, "axis": "y", "origin": [6.75107, -0.25, 6.06464]},
			"faces": {
				"up": {"uv": [6.23438, 6.10938, 8.23438, 7.10938], "rotation": 270, "texture": "#6", "cullface": "up"}
			}
		},
		{
			"from": [6.55753, 16.75, 6.72266],
			"to": [7.33167, 16.75, 7.57422],
			"rotation": {"angle": -22.5, "axis": "y", "origin": [6.75107, -0.25, 6.06464]},
			"faces": {
				"up": {"uv": [6.23438, 6.10938, 8.23438, 7.10938], "rotation": 90, "texture": "#6", "cullface": "up"}
			}
		},
		{
			"from": [6.05434, 16.75, 6.14205],
			"to": [6.92525, 16.75, 6.9162],
			"rotation": {"angle": 45, "axis": "y", "origin": [6.75107, -0.25, 6.06464]},
			"faces": {
				"up": {"uv": [6.23438, 6.10938, 8.23438, 7.10938], "rotation": 180, "texture": "#6", "cullface": "up"}
			}
		},
		{
			"from": [6.92525, 16.75, 6.06464],
			"to": [7.7381, 16.75, 6.83878],
			"rotation": {"angle": 22.5, "axis": "y", "origin": [6.75107, -0.25, 6.06464]},
			"faces": {
				"up": {"uv": [6.23438, 6.10938, 8.23438, 7.10938], "rotation": 180, "texture": "#6", "cullface": "up"}
			}
		},
		{
			"from": [7.97034, 16.75, 6.47107],
			"to": [8.89932, 16.75, 7.24521],
			"rotation": {"angle": -22.5, "axis": "y", "origin": [10.21536, -0.25, 7.22586]},
			"faces": {
				"up": {"uv": [6.23438, 6.10938, 8.23438, 7.10938], "texture": "#6", "cullface": "up"}
			}
		},
		{
			"from": [7.64339, 16.75, 5.67757],
			"to": [8.45418, 16.75, 6.45171],
			"rotation": {"angle": 0, "axis": "y", "origin": [10.21536, -0.25, 7.22586]},
			"faces": {
				"up": {"uv": [6.23438, 6.10938, 8.23438, 7.10938], "rotation": 180, "texture": "#6", "cullface": "up"}
			}
		},
		{
			"from": [8.70578, 16.75, 7.03232],
			"to": [9.55734, 16.75, 7.80646],
			"rotation": {"angle": -45, "axis": "y", "origin": [10.21536, -0.25, 7.22586]},
			"faces": {
				"up": {"uv": [6.23438, 6.10938, 8.23438, 7.10938], "rotation": 180, "texture": "#6", "cullface": "up"}
			}
		},
		{
			"from": [9.3638, 16.75, 6.52913],
			"to": [10.13795, 16.75, 7.40004],
			"rotation": {"angle": 22.5, "axis": "y", "origin": [10.21536, -0.25, 7.22586]},
			"faces": {
				"up": {"uv": [6.23438, 6.10938, 8.23438, 7.10938], "rotation": 270, "texture": "#6", "cullface": "up"}
			}
		},
		{
			"from": [9.44122, 16.75, 7.40004],
			"to": [10.21536, 16.75, 8.19354],
			"rotation": {"angle": 0, "axis": "y", "origin": [10.21536, -0.25, 7.22586]},
			"faces": {
				"up": {"uv": [6.23438, 6.10938, 8.23438, 7.10938], "rotation": 270, "texture": "#6", "cullface": "up"}
			}
		},
		{
			"from": [8.64772, 16.75, 7.72905],
			"to": [9.42186, 16.75, 8.65802],
			"rotation": {"angle": -22.5, "axis": "y", "origin": [8.66707, -0.25, 9.97407]},
			"faces": {
				"up": {"uv": [6.23438, 6.10938, 8.23438, 7.10938], "rotation": 90, "texture": "#6", "cullface": "up"}
			}
		},
		{
			"from": [8.08646, 16.75, 8.46449],
			"to": [8.86061, 16.75, 9.31604],
			"rotation": {"angle": -45, "axis": "y", "origin": [8.66707, -0.25, 9.97407]},
			"faces": {
				"up": {"uv": [6.23438, 6.10938, 8.23438, 7.10938], "rotation": 270, "texture": "#6", "cullface": "up"}
			}
		},
		{
			"from": [8.49289, 16.75, 9.12251],
			"to": [9.3638, 16.75, 9.89665],
			"rotation": {"angle": 22.5, "axis": "y", "origin": [8.66707, -0.25, 9.97407]},
			"faces": {
				"up": {"uv": [6.23438, 6.10938, 8.23438, 7.10938], "texture": "#6", "cullface": "up"}
			}
		},
		{
			"from": [7.69939, 16.75, 9.19992],
			"to": [8.49289, 16.75, 9.97407],
			"rotation": {"angle": 0, "axis": "y", "origin": [8.66707, -0.25, 9.97407]},
			"faces": {
				"up": {"uv": [6.23438, 6.10938, 8.23438, 7.10938], "texture": "#6", "cullface": "up"}
			}
		},
		{
			"from": [7.27361, 16.25, 8.40643],
			"to": [8.20259, 16.25, 9.18057],
			"rotation": {"angle": -22.5, "axis": "y", "origin": [5.95757, -0.75, 8.42578]},
			"faces": {
				"up": {"uv": [6.23438, 6.10938, 8.23438, 7.10938], "rotation": 180, "texture": "#6", "cullface": "up"}
			}
		},
		{
			"from": [6.61559, 16.25, 7.84517],
			"to": [7.46715, 16.25, 8.61932],
			"rotation": {"angle": -45, "axis": "y", "origin": [5.95757, -0.75, 8.42578]},
			"faces": {
				"up": {"uv": [6.23438, 6.10938, 8.23438, 7.10938], "texture": "#6", "cullface": "up"}
			}
		},
		{
			"from": [6.03498, 16.25, 8.2903],
			"to": [6.80913, 16.25, 9.12251],
			"rotation": {"angle": 22.5, "axis": "y", "origin": [5.95757, -0.75, 8.42578]},
			"faces": {
				"up": {"uv": [6.23438, 6.10938, 8.23438, 7.10938], "rotation": 90, "texture": "#6", "cullface": "up"}
			}
		},
		{
			"from": [5.99628, 16.25, 7.38068],
			"to": [6.77042, 16.25, 8.30966],
			"rotation": {"angle": 0, "axis": "y", "origin": [6.75107, -0.75, 6.06464]},
			"faces": {
				"up": {"uv": [6.23438, 6.10938, 8.23438, 7.10938], "rotation": 270, "texture": "#6", "cullface": "up"}
			}
		},
		{
			"from": [6.55753, 16.25, 6.72266],
			"to": [7.33167, 16.25, 7.57422],
			"rotation": {"angle": -22.5, "axis": "y", "origin": [6.75107, -0.75, 6.06464]},
			"faces": {
				"up": {"uv": [6.23438, 6.10938, 8.23438, 7.10938], "rotation": 90, "texture": "#6", "cullface": "up"}
			}
		},
		{
			"from": [6.05434, 16.25, 6.14205],
			"to": [6.92525, 16.25, 6.9162],
			"rotation": {"angle": 45, "axis": "y", "origin": [6.75107, -0.75, 6.06464]},
			"faces": {
				"up": {"uv": [6.23438, 6.10938, 8.23438, 7.10938], "rotation": 180, "texture": "#6", "cullface": "up"}
			}
		},
		{
			"from": [6.92525, 16.25, 6.06464],
			"to": [7.7381, 16.25, 6.83878],
			"rotation": {"angle": 22.5, "axis": "y", "origin": [6.75107, -0.75, 6.06464]},
			"faces": {
				"up": {"uv": [6.23438, 6.10938, 8.23438, 7.10938], "rotation": 180, "texture": "#6", "cullface": "up"}
			}
		},
		{
			"from": [7.97034, 16.25, 6.47107],
			"to": [8.89932, 16.25, 7.24521],
			"rotation": {"angle": -22.5, "axis": "y", "origin": [10.21536, -0.75, 7.22586]},
			"faces": {
				"up": {"uv": [6.23438, 6.10938, 8.23438, 7.10938], "texture": "#6", "cullface": "up"}
			}
		},
		{
			"from": [7.64339, 16.25, 5.67757],
			"to": [8.45418, 16.25, 6.45171],
			"rotation": {"angle": 0, "axis": "y", "origin": [10.21536, -0.75, 7.22586]},
			"faces": {
				"up": {"uv": [6.23438, 6.10938, 8.23438, 7.10938], "rotation": 180, "texture": "#6", "cullface": "up"}
			}
		},
		{
			"from": [8.70578, 16.25, 7.03232],
			"to": [9.55734, 16.25, 7.80646],
			"rotation": {"angle": -45, "axis": "y", "origin": [10.21536, -0.75, 7.22586]},
			"faces": {
				"up": {"uv": [6.23438, 6.10938, 8.23438, 7.10938], "rotation": 180, "texture": "#6", "cullface": "up"}
			}
		},
		{
			"from": [9.3638, 16.25, 6.52913],
			"to": [10.13795, 16.25, 7.40004],
			"rotation": {"angle": 22.5, "axis": "y", "origin": [10.21536, -0.75, 7.22586]},
			"faces": {
				"up": {"uv": [6.23438, 6.10938, 8.23438, 7.10938], "rotation": 270, "texture": "#6", "cullface": "up"}
			}
		},
		{
			"from": [9.44122, 16.25, 7.40004],
			"to": [10.21536, 16.25, 8.19354],
			"rotation": {"angle": 0, "axis": "y", "origin": [10.21536, -0.75, 7.22586]},
			"faces": {
				"up": {"uv": [6.23438, 6.10938, 8.23438, 7.10938], "rotation": 270, "texture": "#6", "cullface": "up"}
			}
		},
		{
			"from": [8.64772, 16.25, 7.72905],
			"to": [9.42186, 16.25, 8.65802],
			"rotation": {"angle": -22.5, "axis": "y", "origin": [8.66707, -0.75, 9.97407]},
			"faces": {
				"up": {"uv": [6.23438, 6.10938, 8.23438, 7.10938], "rotation": 90, "texture": "#6", "cullface": "up"}
			}
		},
		{
			"from": [8.08646, 16.25, 8.46449],
			"to": [8.86061, 16.25, 9.31604],
			"rotation": {"angle": -45, "axis": "y", "origin": [8.66707, -0.75, 9.97407]},
			"faces": {
				"up": {"uv": [6.23438, 6.10938, 8.23438, 7.10938], "rotation": 270, "texture": "#6", "cullface": "up"}
			}
		},
		{
			"from": [8.49289, 16.25, 9.12251],
			"to": [9.3638, 16.25, 9.89665],
			"rotation": {"angle": 22.5, "axis": "y", "origin": [8.66707, -0.75, 9.97407]},
			"faces": {
				"up": {"uv": [6.23438, 6.10938, 8.23438, 7.10938], "texture": "#6", "cullface": "up"}
			}
		},
		{
			"from": [7.69939, 16.25, 9.19992],
			"to": [8.49289, 16.25, 9.97407],
			"rotation": {"angle": 0, "axis": "y", "origin": [8.66707, -0.75, 9.97407]},
			"faces": {
				"up": {"uv": [6.23438, 6.10938, 8.23438, 7.10938], "texture": "#6", "cullface": "up"}
			}
		},
		{
			"from": [7.27361, 16.5, 8.40643],
			"to": [8.20259, 16.5, 9.18057],
			"rotation": {"angle": -22.5, "axis": "y", "origin": [5.95757, -0.5, 8.42578]},
			"faces": {
				"up": {"uv": [6.23438, 6.10938, 8.23438, 7.10938], "rotation": 180, "texture": "#6", "cullface": "up"}
			}
		},
		{
			"from": [6.61559, 16.5, 7.84517],
			"to": [7.46715, 16.5, 8.61932],
			"rotation": {"angle": -45, "axis": "y", "origin": [5.95757, -0.5, 8.42578]},
			"faces": {
				"up": {"uv": [6.23438, 6.10938, 8.23438, 7.10938], "texture": "#6", "cullface": "up"}
			}
		},
		{
			"from": [6.03498, 16.5, 8.2903],
			"to": [6.80913, 16.5, 9.12251],
			"rotation": {"angle": 22.5, "axis": "y", "origin": [5.95757, -0.5, 8.42578]},
			"faces": {
				"up": {"uv": [6.23438, 6.10938, 8.23438, 7.10938], "rotation": 90, "texture": "#6", "cullface": "up"}
			}
		},
		{
			"from": [5.99628, 16.5, 7.38068],
			"to": [6.77042, 16.5, 8.30966],
			"rotation": {"angle": 0, "axis": "y", "origin": [6.75107, -0.5, 6.06464]},
			"faces": {
				"up": {"uv": [6.23438, 6.10938, 8.23438, 7.10938], "rotation": 270, "texture": "#6", "cullface": "up"}
			}
		},
		{
			"from": [6.55753, 16.5, 6.72266],
			"to": [7.33167, 16.5, 7.57422],
			"rotation": {"angle": -22.5, "axis": "y", "origin": [6.75107, -0.5, 6.06464]},
			"faces": {
				"up": {"uv": [6.23438, 6.10938, 8.23438, 7.10938], "rotation": 90, "texture": "#6", "cullface": "up"}
			}
		},
		{
			"from": [6.05434, 16.5, 6.14205],
			"to": [6.92525, 16.5, 6.9162],
			"rotation": {"angle": 45, "axis": "y", "origin": [6.75107, -0.5, 6.06464]},
			"faces": {
				"up": {"uv": [6.23438, 6.10938, 8.23438, 7.10938], "rotation": 180, "texture": "#6", "cullface": "up"}
			}
		},
		{
			"from": [6.92525, 16.5, 6.06464],
			"to": [7.7381, 16.5, 6.83878],
			"rotation": {"angle": 22.5, "axis": "y", "origin": [6.75107, -0.5, 6.06464]},
			"faces": {
				"up": {"uv": [6.23438, 6.10938, 8.23438, 7.10938], "rotation": 180, "texture": "#6", "cullface": "up"}
			}
		},
		{
			"from": [7.97034, 16.5, 6.47107],
			"to": [8.89932, 16.5, 7.24521],
			"rotation": {"angle": -22.5, "axis": "y", "origin": [10.21536, -0.5, 7.22586]},
			"faces": {
				"up": {"uv": [6.23438, 6.10938, 8.23438, 7.10938], "texture": "#6", "cullface": "up"}
			}
		},
		{
			"from": [7.64339, 16.5, 5.67757],
			"to": [8.45418, 16.5, 6.45171],
			"rotation": {"angle": 0, "axis": "y", "origin": [10.21536, -0.5, 7.22586]},
			"faces": {
				"up": {"uv": [6.23438, 6.10938, 8.23438, 7.10938], "rotation": 180, "texture": "#6", "cullface": "up"}
			}
		},
		{
			"from": [8.70578, 16.5, 7.03232],
			"to": [9.55734, 16.5, 7.80646],
			"rotation": {"angle": -45, "axis": "y", "origin": [10.21536, -0.5, 7.22586]},
			"faces": {
				"up": {"uv": [6.23438, 6.10938, 8.23438, 7.10938], "rotation": 180, "texture": "#6", "cullface": "up"}
			}
		},
		{
			"from": [9.3638, 16.5, 6.52913],
			"to": [10.13795, 16.5, 7.40004],
			"rotation": {"angle": 22.5, "axis": "y", "origin": [10.21536, -0.5, 7.22586]},
			"faces": {
				"up": {"uv": [6.23438, 6.10938, 8.23438, 7.10938], "rotation": 270, "texture": "#6", "cullface": "up"}
			}
		},
		{
			"from": [9.44122, 16.5, 7.40004],
			"to": [10.21536, 16.5, 8.19354],
			"rotation": {"angle": 0, "axis": "y", "origin": [10.21536, -0.5, 7.22586]},
			"faces": {
				"up": {"uv": [6.23438, 6.10938, 8.23438, 7.10938], "rotation": 270, "texture": "#6", "cullface": "up"}
			}
		},
		{
			"from": [8.64772, 16.5, 7.72905],
			"to": [9.42186, 16.5, 8.65802],
			"rotation": {"angle": -22.5, "axis": "y", "origin": [8.66707, -0.5, 9.97407]},
			"faces": {
				"up": {"uv": [6.23438, 6.10938, 8.23438, 7.10938], "rotation": 90, "texture": "#6", "cullface": "up"}
			}
		},
		{
			"from": [8.08646, 16.5, 8.46449],
			"to": [8.86061, 16.5, 9.31604],
			"rotation": {"angle": -45, "axis": "y", "origin": [8.66707, -0.5, 9.97407]},
			"faces": {
				"up": {"uv": [6.23438, 6.10938, 8.23438, 7.10938], "rotation": 270, "texture": "#6", "cullface": "up"}
			}
		},
		{
			"from": [8.49289, 16.5, 9.12251],
			"to": [9.3638, 16.5, 9.89665],
			"rotation": {"angle": 22.5, "axis": "y", "origin": [8.66707, -0.5, 9.97407]},
			"faces": {
				"up": {"uv": [6.23438, 6.10938, 8.23438, 7.10938], "texture": "#6", "cullface": "up"}
			}
		},
		{
			"from": [7.69939, 16.5, 9.19992],
			"to": [8.49289, 16.5, 9.97407],
			"rotation": {"angle": 0, "axis": "y", "origin": [8.66707, -0.5, 9.97407]},
			"faces": {
				"up": {"uv": [6.23438, 6.10938, 8.23438, 7.10938], "texture": "#6", "cullface": "up"}
			}
		},
		{
			"from": [0, 0, 0],
			"to": [16, 3.1, 16],
			"faces": {
				"north": {"uv": [0, 0, 16, 3.59375], "texture": "#8", "cullface": "north"},
				"east": {"uv": [0, 0, 16, 3.59375], "texture": "#8", "cullface": "east"},
				"south": {"uv": [0, 0, 16, 3.59375], "texture": "#8", "cullface": "south"},
				"west": {"uv": [0, 0, 16, 3.59375], "texture": "#8", "cullface": "west"},
				"down": {"uv": [0, 0, 16, 16], "texture": "#3", "cullface": "down"}
			}
		}
	],
	"display": {
		"thirdperson_righthand": {
			"scale": [0.5, 0.5, 0.5]
		},
		"thirdperson_lefthand": {
			"scale": [0.5, 0.5, 0.5]
		},
		"firstperson_righthand": {
			"rotation": [5, 45, 0],
			"scale": [0.5, 0.5, 0.5]
		},
		"firstperson_lefthand": {
			"rotation": [5, 45, 0],
			"scale": [0.5, 0.5, 0.5]
		},
		"ground": {
			"translation": [0, 4, 0],
			"scale": [0.4, 0.4, 0.4]
		},
		"gui": {
			"rotation": [20, -135, 0],
			"scale": [0.54, 0.54, 0.54]
		}
	},
	"groups": [
		0,
		1,
		2,
		{
			"name": "group",
			"origin": [8, 8, 8],
			"color": 0,
			"children": [
				{
					"name": "group",
					"origin": [8, 8, 8],
					"color": 0,
					"children": [
						{
							"name": "group",
							"origin": [0, 0, 0],
							"color": 0,
							"children": [3, 4, 5]
						},
						{
							"name": "group",
							"origin": [0, 0, 0],
							"color": 0,
							"children": [6, 7, 8, 9]
						},
						{
							"name": "group",
							"origin": [0, 0, 0],
							"color": 0,
							"children": [10, 11, 12, 13, 14]
						},
						{
							"name": "group",
							"origin": [0, 0, 0],
							"color": 0,
							"children": [15, 16, 17, 18]
						}
					]
				},
				{
					"name": "group",
					"origin": [8, 8, 8],
					"color": 0,
					"children": [
						{
							"name": "group",
							"origin": [0, 0, 0],
							"color": 0,
							"children": [19, 20, 21]
						},
						{
							"name": "group",
							"origin": [0, 0, 0],
							"color": 0,
							"children": [22, 23, 24, 25]
						},
						{
							"name": "group",
							"origin": [0, 0, 0],
							"color": 0,
							"children": [26, 27, 28, 29, 30]
						},
						{
							"name": "group",
							"origin": [0, 0, 0],
							"color": 0,
							"children": [31, 32, 33, 34]
						}
					]
				},
				{
					"name": "group",
					"origin": [8, 8, 8],
					"color": 0,
					"children": [
						{
							"name": "group",
							"origin": [0, 0, 0],
							"color": 0,
							"children": [35, 36, 37]
						},
						{
							"name": "group",
							"origin": [0, 0, 0],
							"color": 0,
							"children": [38, 39, 40, 41]
						},
						{
							"name": "group",
							"origin": [0, 0, 0],
							"color": 0,
							"children": [42, 43, 44, 45, 46]
						},
						{
							"name": "group",
							"origin": [0, 0, 0],
							"color": 0,
							"children": [47, 48, 49, 50]
						}
					]
				},
				{
					"name": "group",
					"origin": [8, 8, 8],
					"color": 0,
					"children": [
						{
							"name": "group",
							"origin": [0, 0, 0],
							"color": 0,
							"children": [51, 52, 53]
						},
						{
							"name": "group",
							"origin": [0, 0, 0],
							"color": 0,
							"children": [54, 55, 56, 57]
						},
						{
							"name": "group",
							"origin": [0, 0, 0],
							"color": 0,
							"children": [58, 59, 60, 61, 62]
						},
						{
							"name": "group",
							"origin": [0, 0, 0],
							"color": 0,
							"children": [63, 64, 65, 66]
						}
					]
				}
			]
		},
		67
	]
}