{
	"credit": "Made with Blockbench",
	"textures": {
		"3": "block/stone_bottom",
		"4": "block/furnace_front",
		"6": "block/stone",
		"7": "block/stone_block_side",
		"8": "block/nether_stripped_block_top",
		"particle": "block/stone_bottom"
	},
	"elements": [
		{
			"from": [0, 12.8, 0],
			"to": [16, 16, 16],
			"rotation": {"angle": 0, "axis": "y", "origin": [16, 0, 0]},
			"faces": {
				"north": {"uv": [0, 3.17188, 16, 6.31251], "texture": "#7", "cullface": "north"},
				"east": {"uv": [0, 3.17188, 16, 6.28126], "texture": "#7", "cullface": "east"},
				"south": {"uv": [0, 3.17188, 16, 6.31251], "texture": "#7", "cullface": "south"},
				"west": {"uv": [0, 3.17188, 16, 6.31251], "texture": "#7", "cullface": "west"},
				"up": {"uv": [0.04688, 0.04688, 16, 16], "rotation": 90, "texture": "#6", "cullface": "up"}
			}
		},
		{
			"from": [0, 3.1, 8],
			"to": [16, 12.8, 16],
			"rotation": {"angle": 0, "axis": "y", "origin": [16, 0, 0]},
			"faces": {
				"north": {"uv": [0, 0, 0, 0], "texture": "#3"},
				"east": {"uv": [8, 6.32813, 16, 16], "texture": "#7", "cullface": "east"},
				"south": {"uv": [0, 6.29688, 16, 15.99688], "texture": "#7", "cullface": "south"},
				"west": {"uv": [0, 6.28125, 8, 16], "texture": "#7", "cullface": "west"},
				"up": {"uv": [0, 0, 0, 0], "rotation": 90, "texture": "#3"},
				"down": {"uv": [8, 0, 16, 16], "rotation": 270, "texture": "#3"}
			}
		},
		{
			"from": [0, 3.1, 0],
			"to": [16, 12.8, 8],
			"rotation": {"angle": 0, "axis": "y", "origin": [16, 0, 0]},
			"faces": {
				"north": {"uv": [0, 6.29688, 16, 16], "texture": "#4", "cullface": "north"},
				"east": {"uv": [0, 6.32813, 8, 16], "texture": "#7", "cullface": "east"},
				"west": {"uv": [8, 6.28125, 16, 16], "texture": "#7", "cullface": "west"},
				"down": {"uv": [0, 0, 8, 16], "rotation": 270, "texture": "#3", "cullface": "down"}
			}
		},
		{
			"from": [0, 0, 0],
			"to": [16, 0, 16],
			"rotation": {"angle": 0, "axis": "y", "origin": [16, 0, 0]},
			"faces": {
				"up": {"uv": [0.04688, 0.04688, 16, 16], "rotation": 90, "texture": "#6", "cullface": "up"}
			}
		},
		{
			"name": "bone5",
			"from": [0.5, 0, 6.5],
			"to": [15.5, 3, 9.5],
			"rotation": {"angle": 0, "axis": "y", "origin": [-22, 1, 0]},
			"faces": {
				"north": {"uv": [0.40625, 12.32813, 15.40625, 15.32813], "texture": "#8"},
				"east": {"uv": [0, 8.79688, 10.67188, 11.79688], "texture": "#8"},
				"south": {"uv": [0, 3.85938, 16, 6.85938], "texture": "#8"},
				"west": {"uv": [12.85938, 9.1875, 15.85938, 12.1875], "texture": "#8"},
				"down": {"uv": [0.51563, 0.89063, 15.51563, 3.89063], "texture": "#8", "cullface": "down"}
			}
		},
		{
			"name": "bone6",
			"from": [-0.71793, 0, 0.37707],
			"to": [14.28207, 3, 3.37707],
			"rotation": {"angle": -22.5, "axis": "y", "origin": [-8, 1, 8]},
			"faces": {
				"north": {"uv": [0.40625, 12.32813, 15.40625, 15.32813], "texture": "#8"},
				"east": {"uv": [0, 8.79688, 10.67188, 11.79688], "texture": "#8"},
				"south": {"uv": [0, 3.85938, 16, 6.85938], "texture": "#8"},
				"west": {"uv": [12.85938, 9.1875, 15.85938, 12.1875], "texture": "#8"},
				"down": {"uv": [0.51563, 0.89063, 15.51563, 3.89063], "texture": "#8", "cullface": "down"}
			}
		},
		{
			"name": "bone7",
			"from": [-4.18629, 0, -4.81371],
			"to": [10.81371, 3, -1.81371],
			"rotation": {"angle": -45, "axis": "y", "origin": [-8, 1, 8]},
			"faces": {
				"north": {"uv": [0.40625, 12.32813, 15.40625, 15.32813], "texture": "#8"},
				"east": {"uv": [0, 8.79688, 10.67188, 11.79688], "texture": "#8"},
				"south": {"uv": [0, 3.85938, 16, 6.85938], "texture": "#8"},
				"west": {"uv": [12.85938, 9.1875, 15.85938, 12.1875], "texture": "#8"},
				"down": {"uv": [0.51563, 0.89063, 15.51563, 3.89063], "texture": "#8", "cullface": "down"}
			}
		},
		{
			"name": "bone8",
			"from": [6.5, 0, 0.5],
			"to": [9.5, 3, 15.5],
			"rotation": {"angle": 0, "axis": "y", "origin": [-8, 1, 8]},
			"faces": {
				"north": {"uv": [12.85938, 9.1875, 15.85938, 12.1875], "texture": "#8"},
				"east": {"uv": [0.40625, 12.32813, 15.40625, 15.32813], "texture": "#8"},
				"south": {"uv": [0, 8.79688, 10.67188, 11.79688], "texture": "#8"},
				"west": {"uv": [0, 3.85938, 16, 6.85938], "texture": "#8"},
				"down": {"uv": [0.51563, 0.89063, 15.51563, 3.89063], "rotation": 270, "texture": "#8", "cullface": "down"}
			}
		},
		{
			"name": "bone9",
			"from": [5.28207, 0, -5.62293],
			"to": [8.28207, 3, 9.37707],
			"rotation": {"angle": -22.5, "axis": "y", "origin": [-8, 1, 8]},
			"faces": {
				"north": {"uv": [12.85938, 9.1875, 15.85938, 12.1875], "texture": "#8"},
				"east": {"uv": [0.40625, 12.32813, 15.40625, 15.32813], "texture": "#8"},
				"south": {"uv": [0, 8.79688, 10.67188, 11.79688], "texture": "#8"},
				"west": {"uv": [0, 3.85938, 16, 6.85938], "texture": "#8"},
				"down": {"uv": [0.51563, 0.89063, 15.51563, 3.89063], "rotation": 270, "texture": "#8", "cullface": "down"}
			}
		},
		{
			"name": "bone10",
			"from": [1.81371, 0, -10.81371],
			"to": [4.81371, 3, 4.18629],
			"rotation": {"angle": -45, "axis": "y", "origin": [-8, 1, 8]},
			"faces": {
				"north": {"uv": [12.85938, 9.1875, 15.85938, 12.1875], "texture": "#8"},
				"east": {"uv": [0.40625, 12.32813, 15.40625, 15.32813], "texture": "#8"},
				"south": {"uv": [0, 8.79688, 10.67188, 11.79688], "texture": "#8"},
				"west": {"uv": [0, 3.85938, 16, 6.85938], "texture": "#8"},
				"down": {"uv": [0.51563, 0.89063, 15.51563, 3.89063], "rotation": 270, "texture": "#8", "cullface": "down"}
			}
		},
		{
			"name": "bone4",
			"from": [0.28207, 0, 12.62293],
			"to": [13.28207, 3, 15.62293],
			"rotation": {"angle": 22.5, "axis": "y", "origin": [-8, 1, 8]},
			"faces": {
				"north": {"uv": [1.09375, 12.03125, 14.09375, 15.03125], "texture": "#8"},
				"east": {"uv": [8.75, 3.39063, 11.75, 6.39063], "texture": "#8"},
				"south": {"uv": [14.26563, 9.20313, 1.26563, 12.20313], "texture": "#8"},
				"west": {"uv": [0, 0, 3, 3], "texture": "#8"},
				"down": {"uv": [1.48438, 9.28125, 14.48438, 12.28125], "rotation": 180, "texture": "#8", "cullface": "down"}
			}
		},
		{
			"name": "bone5",
			"from": [5.28207, 0, 7.62293],
			"to": [8.28207, 3, 20.62293],
			"rotation": {"angle": 22.5, "axis": "y", "origin": [-8, 1, 8]},
			"faces": {
				"north": {"uv": [0, 0, 3, 3], "texture": "#8"},
				"east": {"uv": [1.09375, 12.03125, 14.09375, 15.03125], "texture": "#8"},
				"south": {"uv": [8.75, 3.39063, 11.75, 6.39063], "texture": "#8", "cullface": "down"},
				"west": {"uv": [14.26563, 9.20313, 1.26563, 12.20313], "texture": "#8"},
				"down": {"uv": [1.48438, 9.28125, 14.48438, 12.28125], "rotation": 90, "texture": "#8", "cullface": "down"}
			}
		},
		{
			"from": [7.27361, 16, 8.40643],
			"to": [8.20259, 17, 9.18057],
			"rotation": {"angle": -22.5, "axis": "y", "origin": [5.95757, 0, 8.42578]},
			"faces": {
				"north": {"uv": [6.23438, 6.23438, 8.23438, 7.23438], "texture": "#6", "cullface": "up"},
				"south": {"uv": [6.23438, 6.23438, 8.23438, 7.23438], "texture": "#6", "cullface": "up"},
				"up": {"uv": [6.23438, 6.10938, 8.23438, 7.10938], "rotation": 180, "texture": "#6", "cullface": "up"}
			}
		},
		{
			"from": [6.61559, 16, 7.84517],
			"to": [7.46715, 17, 8.61932],
			"rotation": {"angle": -45, "axis": "y", "origin": [5.95757, 0, 8.42578]},
			"faces": {
				"north": {"uv": [6.23438, 6.23438, 8.23438, 7.23438], "texture": "#6", "cullface": "up"},
				"south": {"uv": [6.23438, 6.23438, 8.23438, 7.23438], "texture": "#6", "cullface": "up"},
				"up": {"uv": [6.23438, 6.10938, 8.23438, 7.10938], "texture": "#6", "cullface": "up"}
			}
		},
		{
			"from": [6.03498, 16, 8.2903],
			"to": [6.80913, 17, 9.12251],
			"rotation": {"angle": 22.5, "axis": "y", "origin": [5.95757, 0, 8.42578]},
			"faces": {
				"east": {"uv": [6.23438, 6.23438, 8.23438, 7.23438], "texture": "#6", "cullface": "up"},
				"west": {"uv": [6.23438, 6.23438, 8.23438, 7.23438], "texture": "#6", "cullface": "up"},
				"up": {"uv": [6.23438, 6.10938, 8.23438, 7.10938], "rotation": 90, "texture": "#6", "cullface": "up"}
			}
		},
		{
			"from": [5.99628, 16, 7.38068],
			"to": [6.77042, 17, 8.30966],
			"rotation": {"angle": 0, "axis": "y", "origin": [6.75107, 0, 6.06464]},
			"faces": {
				"east": {"uv": [6.23438, 6.23438, 8.23438, 7.23438], "texture": "#6", "cullface": "up"},
				"west": {"uv": [6.23438, 6.23438, 8.23438, 7.23438], "texture": "#6", "cullface": "up"},
				"up": {"uv": [6.23438, 6.10938, 8.23438, 7.10938], "rotation": 270, "texture": "#6", "cullface": "up"}
			}
		},
		{
			"from": [6.55753, 16, 6.72266],
			"to": [7.33167, 17, 7.57422],
			"rotation": {"angle": -22.5, "axis": "y", "origin": [6.75107, 0, 6.06464]},
			"faces": {
				"east": {"uv": [6.23438, 6.23438, 8.23438, 7.23438], "texture": "#6", "cullface": "up"},
				"west": {"uv": [6.23438, 6.23438, 8.23438, 7.23438], "texture": "#6", "cullface": "up"},
				"up": {"uv": [6.23438, 6.10938, 8.23438, 7.10938], "rotation": 90, "texture": "#6", "cullface": "up"}
			}
		},
		{
			"from": [6.05434, 16, 6.14205],
			"to": [6.92525, 17, 6.9162],
			"rotation": {"angle": 45, "axis": "y", "origin": [6.75107, 0, 6.06464]},
			"faces": {
				"north": {"uv": [6.23438, 6.23438, 8.23438, 7.23438], "texture": "#6", "cullface": "up"},
				"south": {"uv": [6.23438, 6.23438, 8.23438, 7.23438], "texture": "#6", "cullface": "up"},
				"up": {"uv": [6.23438, 6.10938, 8.23438, 7.10938], "rotation": 180, "texture": "#6", "cullface": "up"}
			}
		},
		{
			"from": [6.92525, 16, 6.06464],
			"to": [7.7381, 17, 6.83878],
			"rotation": {"angle": 22.5, "axis": "y", "origin": [6.75107, 0, 6.06464]},
			"faces": {
				"north": {"uv": [6.23438, 6.23438, 8.23438, 7.23438], "texture": "#6", "cullface": "up"},
				"south": {"uv": [6.23438, 6.23438, 8.23438, 7.23438], "texture": "#6", "cullface": "up"},
				"up": {"uv": [6.23438, 6.10938, 8.23438, 7.10938], "rotation": 180, "texture": "#6", "cullface": "up"}
			}
		},
		{
			"from": [7.97034, 16, 6.47107],
			"to": [8.89932, 17, 7.24521],
			"rotation": {"angle": -22.5, "axis": "y", "origin": [10.21536, 0, 7.22586]},
			"faces": {
				"north": {"uv": [6.23438, 6.23438, 8.23438, 7.23438], "texture": "#6", "cullface": "up"},
				"south": {"uv": [6.23438, 6.23438, 8.23438, 7.23438], "texture": "#6", "cullface": "up"},
				"up": {"uv": [6.23438, 6.10938, 8.23438, 7.10938], "texture": "#6", "cullface": "up"}
			}
		},
		{
			"from": [7.64339, 16, 5.67757],
			"to": [8.45418, 17, 6.45171],
			"rotation": {"angle": 0, "axis": "y", "origin": [10.21536, 0, 7.22586]},
			"faces": {
				"north": {"uv": [6.23438, 6.23438, 8.23438, 7.23438], "texture": "#6", "cullface": "up"},
				"south": {"uv": [6.23438, 6.23438, 8.23438, 7.23438], "texture": "#6", "cullface": "up"},
				"up": {"uv": [6.23438, 6.10938, 8.23438, 7.10938], "rotation": 180, "texture": "#6", "cullface": "up"}
			}
		},
		{
			"from": [8.70578, 16, 7.03232],
			"to": [9.55734, 17, 7.80646],
			"rotation": {"angle": -45, "axis": "y", "origin": [10.21536, 0, 7.22586]},
			"faces": {
				"north": {"uv": [6.23438, 6.23438, 8.23438, 7.23438], "texture": "#6", "cullface": "up"},
				"south": {"uv": [6.23438, 6.23438, 8.23438, 7.23438], "texture": "#6", "cullface": "up"},
				"up": {"uv": [6.23438, 6.10938, 8.23438, 7.10938], "rotation": 180, "texture": "#6", "cullface": "up"}
			}
		},
		{
			"from": [9.3638, 16, 6.52913],
			"to": [10.13795, 17, 7.40004],
			"rotation": {"angle": 22.5, "axis": "y", "origin": [10.21536, 0, 7.22586]},
			"faces": {
				"east": {"uv": [6.23438, 6.23438, 8.23438, 7.23438], "texture": "#6", "cullface": "up"},
				"west": {"uv": [6.23438, 6.23438, 8.23438, 7.23438], "texture": "#6", "cullface": "up"},
				"up": {"uv": [6.23438, 6.10938, 8.23438, 7.10938], "rotation": 270, "texture": "#6", "cullface": "up"}
			}
		},
		{
			"from": [9.44122, 16, 7.40004],
			"to": [10.21536, 17, 8.19354],
			"rotation": {"angle": 0, "axis": "y", "origin": [10.21536, 0, 7.22586]},
			"faces": {
				"east": {"uv": [6.23438, 6.23438, 8.23438, 7.23438], "texture": "#6", "cullface": "up"},
				"west": {"uv": [6.23438, 6.23438, 8.23438, 7.23438], "texture": "#6", "cullface": "up"},
				"up": {"uv": [6.23438, 6.10938, 8.23438, 7.10938], "rotation": 270, "texture": "#6", "cullface": "up"}
			}
		},
		{
			"from": [8.64772, 16, 7.72905],
			"to": [9.42186, 17, 8.65802],
			"rotation": {"angle": -22.5, "axis": "y", "origin": [8.66707, 0, 9.97407]},
			"faces": {
				"east": {"uv": [6.23438, 6.23438, 8.23438, 7.23438], "texture": "#6", "cullface": "up"},
				"west": {"uv": [6.23438, 6.23438, 8.23438, 7.23438], "texture": "#6", "cullface": "up"},
				"up": {"uv": [6.23438, 6.10938, 8.23438, 7.10938], "rotation": 90, "texture": "#6", "cullface": "up"}
			}
		},
		{
			"from": [8.08646, 16, 8.46449],
			"to": [8.86061, 17, 9.31604],
			"rotation": {"angle": -45, "axis": "y", "origin": [8.66707, 0, 9.97407]},
			"faces": {
				"east": {"uv": [6.23438, 6.23438, 8.23438, 7.23438], "texture": "#6", "cullface": "up"},
				"west": {"uv": [6.23438, 6.23438, 8.23438, 7.23438], "texture": "#6", "cullface": "up"},
				"up": {"uv": [6.23438, 6.10938, 8.23438, 7.10938], "rotation": 270, "texture": "#6", "cullface": "up"}
			}
		},
		{
			"from": [8.49289, 16, 9.12251],
			"to": [9.3638, 17, 9.89665],
			"rotation": {"angle": 22.5, "axis": "y", "origin": [8.66707, 0, 9.97407]},
			"faces": {
				"north": {"uv": [6.23438, 6.23438, 8.23438, 7.23438], "texture": "#6", "cullface": "up"},
				"south": {"uv": [6.23438, 6.23438, 8.23438, 7.23438], "texture": "#6", "cullface": "up"},
				"up": {"uv": [6.23438, 6.10938, 8.23438, 7.10938], "texture": "#6", "cullface": "up"}
			}
		},
		{
			"from": [7.69939, 16, 9.19992],
			"to": [8.49289, 17, 9.97407],
			"rotation": {"angle": 0, "axis": "y", "origin": [8.66707, 0, 9.97407]},
			"faces": {
				"north": {"uv": [6.23438, 6.23438, 8.23438, 7.23438], "texture": "#6", "cullface": "up"},
				"south": {"uv": [6.23438, 6.23438, 8.23438, 7.23438], "texture": "#6", "cullface": "up"},
				"up": {"uv": [6.23438, 6.10938, 8.23438, 7.10938], "texture": "#6", "cullface": "up"}
			}
		}
	],
	"display": {
		"thirdperson_righthand": {
			"scale": [0.5, 0.5, 0.5]
		},
		"thirdperson_lefthand": {
			"scale": [0.5, 0.5, 0.5]
		},
		"firstperson_righthand": {
			"rotation": [5, 45, 0],
			"scale": [0.5, 0.5, 0.5]
		},
		"firstperson_lefthand": {
			"rotation": [5, 45, 0],
			"scale": [0.5, 0.5, 0.5]
		},
		"ground": {
			"translation": [0, 4, 0],
			"scale": [0.4, 0.4, 0.4]
		},
		"gui": {
			"rotation": [20, -135, 0],
			"scale": [0.54, 0.54, 0.54]
		}
	},
	"groups": [
		0,
		1,
		2,
		3,
		{
			"name": "circle2",
			"origin": [0, 1, 22],
			"rotation": [90, 0, 0],
			"color": 0,
			"children": [4, 5, 6, 7, 8, 9, 10, 11]
		},
		{
			"name": "group",
			"origin": [8, 8, 8],
			"color": 0,
			"children": [
				{
					"name": "group",
					"origin": [0, 0, 0],
					"color": 0,
					"children": [12, 13, 14]
				},
				{
					"name": "group",
					"origin": [0, 0, 0],
					"color": 0,
					"children": [15, 16, 17, 18]
				},
				{
					"name": "group",
					"origin": [0, 0, 0],
					"color": 0,
					"children": [19, 20, 21, 22, 23]
				},
				{
					"name": "group",
					"origin": [0, 0, 0],
					"color": 0,
					"children": [24, 25, 26, 27]
				}
			]
		}
	]
}