{
	"credit": "Made with Blockbench",
	"ambientocclusion": false,
	"textures": {
		"1": "block/green_leaves_overlay",
		"particle": "block/green_leaves_overlay"
	},
	"elements": [
		{
			"name": "top overlay",
			"from": [4.6, 5.43562, 4.6],
			"to": [11.4, 5.43562, 11.4],
			"rotation": {"angle": 0, "axis": "y", "origin": [11.4, 26.4416, 12.25]},
			"faces": {
				"up": {"uv": [0, 0, 8, 8], "texture": "#1", "cullface": "up"}
			}
		},
		{
			"name": "top overlay",
			"from": [4.6, 5.2187, 4.6],
			"to": [11.4, 5.2187, 11.4],
			"rotation": {"angle": 0, "axis": "y", "origin": [11.4, 26.4416, 12.25]},
			"faces": {
				"up": {"uv": [0, 0, 8, 8], "texture": "#1", "cullface": "up"}
			}
		},
		{
			"name": "top overlay",
			"from": [4.6, 5.00178, 4.6],
			"to": [11.4, 5.00178, 11.4],
			"rotation": {"angle": 0, "axis": "y", "origin": [11.4, 26.4416, 12.25]},
			"faces": {
				"up": {"uv": [0, 0, 8, 8], "texture": "#1", "cullface": "up"}
			}
		},
		{
			"name": "top overlay",
			"from": [4.6, 4.78486, 4.6],
			"to": [11.4, 4.78486, 11.4],
			"rotation": {"angle": 0, "axis": "y", "origin": [11.4, 25.357, 12.25]},
			"faces": {
				"up": {"uv": [0, 0, 8, 8], "texture": "#1", "cullface": "up"}
			}
		},
		{
			"name": "top overlay",
			"from": [2.288, 4.47113, 2.288],
			"to": [13.712, 4.47113, 13.712],
			"rotation": {"angle": 0, "axis": "y", "origin": [13.712, 22.96, 15.14]},
			"faces": {
				"up": {"uv": [0, 0, 8, 8], "texture": "#1", "cullface": "up"}
			}
		},
		{
			"name": "top overlay",
			"from": [2.288, 4.10563, 2.288],
			"to": [13.712, 4.10563, 13.712],
			"rotation": {"angle": 0, "axis": "y", "origin": [13.712, 22.96, 15.14]},
			"faces": {
				"up": {"uv": [0, 0, 8, 8], "texture": "#1", "cullface": "up"}
			}
		},
		{
			"name": "top overlay",
			"from": [2.8592, 3.1056, 2.8592],
			"to": [13.1408, 3.1056, 13.1408],
			"rotation": {"angle": 0, "axis": "y", "origin": [13.1408, 25.5712, 14.426]},
			"faces": {
				"up": {"uv": [0, 0, 8, 8], "texture": "#1", "cullface": "up"}
			}
		},
		{
			"name": "top overlay",
			"from": [2.8592, 3.41976, 2.8592],
			"to": [13.1408, 3.41976, 13.1408],
			"rotation": {"angle": 0, "axis": "y", "origin": [13.1408, 25.5712, 14.426]},
			"faces": {
				"up": {"uv": [0, 0, 8, 8], "texture": "#1", "cullface": "up"}
			}
		},
		{
			"name": "top overlay",
			"from": [2.8592, 3.78101, 2.8592],
			"to": [13.1408, 3.78101, 13.1408],
			"rotation": {"angle": 0, "axis": "y", "origin": [13.1408, 25.5712, 14.426]},
			"faces": {
				"up": {"uv": [0, 0, 8, 8], "texture": "#1", "cullface": "up"}
			}
		},
		{
			"name": "top overlay",
			"from": [2.8592, 2.79144, 2.8592],
			"to": [13.1408, 2.79144, 13.1408],
			"rotation": {"angle": 0, "axis": "y", "origin": [13.1408, 24.524, 14.426]},
			"faces": {
				"up": {"uv": [0, 0, 8, 8], "texture": "#1", "cullface": "up"}
			}
		}
	],
	"display": {
		"thirdperson_righthand": {
			"scale": [0.5, 0.5, 0.5]
		},
		"thirdperson_lefthand": {
			"scale": [0.5, 0.5, 0.5]
		},
		"firstperson_righthand": {
			"rotation": [5, 45, 0],
			"scale": [0.5, 0.5, 0.5]
		},
		"firstperson_lefthand": {
			"rotation": [5, 45, 0],
			"scale": [0.5, 0.5, 0.5]
		},
		"ground": {
			"translation": [0, 4, 0],
			"scale": [0.4, 0.4, 0.4]
		},
		"gui": {
			"rotation": [20, 45, 0],
			"scale": [0.54, 0.54, 0.54]
		}
	},
	"groups": [
		{
			"name": "template_leaves",
			"origin": [8, 8, 8],
			"color": 0,
			"children": [0, 1, 2, 3, 4, 5, 6, 7, 8, 9]
		}
	]
}