{
	"credit": "Made with Blockbench",
	"textures": {
		"1": "block/gravel",
		"2": "block/iron_ore_block_side2",
		"3": "block/gravel_block_bottom",
		"particle": "block/iron_ore_block_side2"
	},
	"elements": [
		{
			"from": [8, 12.8, 0],
			"to": [16, 16, 8],
			"faces": {
				"north": {"uv": [0, 13, 8, 16], "texture": "#1", "cullface": "north"},
				"east": {"uv": [0, 13, 8, 16], "texture": "#1", "cullface": "east"},
				"up": {"uv": [0, 8, 8, 16], "texture": "#1", "cullface": "up"}
			}
		},
		{
			"from": [8, 0, 0],
			"to": [16, 3.2, 8],
			"faces": {
				"north": {"uv": [0, 0, 8, 3], "texture": "#1", "cullface": "north"},
				"east": {"uv": [0, 0, 8, 3], "texture": "#1", "cullface": "east"},
				"down": {"uv": [0, 0, 8, 8], "texture": "#3", "cullface": "down"}
			}
		},
		{
			"from": [8, 0, 8],
			"to": [16, 3.2, 16],
			"faces": {
				"east": {"uv": [8, 0, 16, 3], "texture": "#1", "cullface": "east"},
				"south": {"uv": [8, 0, 16, 3], "texture": "#1", "cullface": "south"},
				"down": {"uv": [0, 8, 8, 16], "texture": "#3", "cullface": "down"}
			}
		},
		{
			"from": [0, 3.2, 0],
			"to": [16, 12.8, 16],
			"faces": {
				"north": {"uv": [16, 3.15625, 0, 12.875], "texture": "#2", "cullface": "north"},
				"east": {"uv": [0, 3.15626, 16, 12.82813], "texture": "#2", "cullface": "east"},
				"south": {"uv": [0, 3.15625, 16, 12.875], "texture": "#2", "cullface": "south"},
				"west": {"uv": [0, 3.15625, 16, 12.875], "texture": "#2", "cullface": "west"}
			}
		},
		{
			"from": [8, 12.8, 8],
			"to": [16, 16, 16],
			"faces": {
				"east": {"uv": [0, 0, 8, 3], "texture": "#1", "cullface": "east"},
				"south": {"uv": [0, 0, 8, 3], "texture": "#1", "cullface": "south"},
				"up": {"uv": [0.04688, 0.04688, 8.04688, 8.04688], "texture": "#1", "cullface": "up"}
			}
		},
		{
			"from": [0, 0, 8],
			"to": [8, 3.2, 16],
			"faces": {
				"south": {"uv": [0, 0, 16, 3.20313], "texture": "#2", "cullface": "south"},
				"west": {"uv": [0, 0, 16, 3.20313], "texture": "#2", "cullface": "west"},
				"down": {"uv": [8, 8, 16, 16], "texture": "#3", "cullface": "down"}
			}
		},
		{
			"from": [0, 12.8, 8],
			"to": [8, 16, 16],
			"faces": {
				"south": {"uv": [0, 13, 8, 16], "texture": "#1", "cullface": "south"},
				"west": {"uv": [0, 13, 8, 16], "texture": "#1", "cullface": "west"},
				"up": {"uv": [8, 0, 16, 8], "texture": "#1", "cullface": "up"}
			}
		},
		{
			"from": [0, 12.8, 0],
			"to": [8, 16, 8],
			"faces": {
				"north": {"uv": [0, 0, 8, 3.21875], "texture": "#2", "cullface": "north"},
				"west": {"uv": [8, 0, 16, 3.17188], "texture": "#2", "cullface": "west"},
				"up": {"uv": [8, 8, 16, 16], "texture": "#1", "cullface": "up"}
			}
		},
		{
			"from": [0, 0, 0],
			"to": [8, 3.2, 8],
			"faces": {
				"north": {"uv": [0, 13, 8, 16], "texture": "#1", "cullface": "north"},
				"west": {"uv": [0, 13, 8, 16], "texture": "#1", "cullface": "west"},
				"down": {"uv": [8, 0, 16, 8], "texture": "#3", "cullface": "down"}
			}
		}
	],
	"display": {
		"thirdperson_righthand": {
			"scale": [0.5, 0.5, 0.5]
		},
		"thirdperson_lefthand": {
			"scale": [0.5, 0.5, 0.5]
		},
		"firstperson_righthand": {
			"rotation": [5, 45, 0],
			"scale": [0.5, 0.5, 0.5]
		},
		"firstperson_lefthand": {
			"rotation": [5, 45, 0],
			"scale": [0.5, 0.5, 0.5]
		},
		"ground": {
			"translation": [0, 4, 0],
			"scale": [0.4, 0.4, 0.4]
		},
		"gui": {
			"rotation": [20, 45, 0],
			"scale": [0.54, 0.54, 0.54]
		}
	}
}