{
	"credit": "Made with Blockbench",
	"texture_size": [32, 32],
	"textures": {
		"1": "block/deepslate",
		"3": "block/deepslate_bottom",
		"particle": "block/deepslate_bottom",
		"2_1": "block/cobbled_deepslate"
	},
	"elements": [
		{
			"from": [0, 0, 0],
			"to": [16, 3.2, 16],
			"rotation": {"angle": 0, "axis": "y", "origin": [8, -8.75, 7]},
			"faces": {
				"north": {"uv": [0, 0, 16, 3.20313], "texture": "#1", "cullface": "north"},
				"east": {"uv": [0, 0, 16, 3.20313], "texture": "#1", "cullface": "east"},
				"south": {"uv": [0, 0, 16, 3.20313], "texture": "#1", "cullface": "south"},
				"west": {"uv": [0, 0, 16, 3.20313], "texture": "#1", "cullface": "west"},
				"down": {"uv": [0, 0, 16, 16], "texture": "#3", "cullface": "down"}
			}
		},
		{
			"from": [0, 3.2, 0],
			"to": [16, 12.8, 16],
			"faces": {
				"north": {"uv": [16, 3.125, 0, 12.8125], "texture": "#1", "cullface": "north"},
				"east": {"uv": [1.125, 3.10938, 14.71875, 12.8125], "texture": "#1", "cullface": "east"},
				"south": {"uv": [0, 3.125, 16, 12.8125], "texture": "#1", "cullface": "south"},
				"west": {"uv": [1.20313, 3.125, 14.79688, 12.8125], "texture": "#1", "cullface": "west"}
			}
		},
		{
			"from": [8, 12.8, 8],
			"to": [16, 16, 16],
			"faces": {
				"east": {"uv": [0, 0, 8, 3.1], "texture": "#1", "cullface": "east"},
				"south": {"uv": [0, 0, 16, 3.125], "texture": "#1", "cullface": "south"},
				"up": {"uv": [0, 0, 8, 8], "texture": "#2_1", "cullface": "up"}
			}
		},
		{
			"from": [8, 12.8, 0],
			"to": [16, 16, 8],
			"faces": {
				"north": {"uv": [0, 0, 8, 3.1], "texture": "#1", "cullface": "north"},
				"east": {"uv": [0, 0, 16, 3.125], "texture": "#1", "cullface": "east"},
				"up": {"uv": [0, 0, 8, 8], "texture": "#2_1", "cullface": "up"}
			}
		},
		{
			"from": [0, 12.8, 0],
			"to": [8, 16, 8],
			"faces": {
				"north": {"uv": [0, 0, 16, 3.125], "texture": "#1", "cullface": "north"},
				"west": {"uv": [0, 0, 8, 3.1], "texture": "#1", "cullface": "west"},
				"up": {"uv": [0, 0, 8, 8], "texture": "#2_1", "cullface": "up"}
			}
		},
		{
			"from": [0, 12.8, 8],
			"to": [8, 16, 16],
			"faces": {
				"south": {"uv": [0, 0, 8, 3.1], "texture": "#1", "cullface": "south"},
				"west": {"uv": [0, 0, 16, 3.125], "texture": "#1", "cullface": "west"},
				"up": {"uv": [0, 0, 8, 8], "texture": "#2_1", "cullface": "up"}
			}
		}
	],
	"display": {
		"thirdperson_righthand": {
			"scale": [0.5, 0.5, 0.5]
		},
		"thirdperson_lefthand": {
			"scale": [0.5, 0.5, 0.5]
		},
		"firstperson_righthand": {
			"rotation": [5, 45, 0],
			"scale": [0.5, 0.5, 0.5]
		},
		"firstperson_lefthand": {
			"rotation": [5, 45, 0],
			"scale": [0.5, 0.5, 0.5]
		},
		"ground": {
			"translation": [0, 4, 0],
			"scale": [0.4, 0.4, 0.4]
		},
		"gui": {
			"rotation": [20, 45, 0],
			"scale": [0.54, 0.54, 0.54]
		}
	},
	"groups": [
		0,
		{
			"name": "template_brick",
			"origin": [8, 8, 8],
			"color": 0,
			"children": []
		},
		{
			"name": "template_leaves",
			"origin": [8, 8, 8],
			"color": 0,
			"children": []
		},
		{
			"name": "red_wool2",
			"origin": [8, 8, 8],
			"color": 0,
			"children": [
				{
					"name": "template_leaves",
					"origin": [8, 8, 8],
					"color": 0,
					"children": [1]
				},
				{
					"name": "template_leaves",
					"origin": [8, 8, 8],
					"color": 0,
					"children": []
				}
			]
		},
		2,
		3,
		4,
		5
	]
}